,Trainer,Calib,Train,Valid,Domain,Uncalibrated,TS Source,TS Oracle,HB,Isotonic,Beta abm,Beta am,Beta ab,CPCS,TransCal,HB TopLabel,TS,Cluster NN,Cluster LR,Cluster Ensem,CaliGen 0,CaliGen TS 0,CaliGen Ensem 0,CaliGen 0.1,CaliGen TS 0.1,CaliGen Ensem 0.1,CaliGen 0.2,CaliGen TS 0.2,CaliGen Ensem 0.2,CaliGen 0.3,CaliGen TS 0.3,CaliGen Ensem 0.3,CaliGen 0.4,CaliGen TS 0.4,CaliGen Ensem 0.4,CaliGen 0.5,CaliGen TS 0.5,CaliGen Ensem 0.5,CaliGen 0.6,CaliGen TS 0.6,CaliGen Ensem 0.6,CaliGen 0.7,CaliGen TS 0.7,CaliGen Ensem 0.7,CaliGen 0.8,CaliGen TS 0.8,CaliGen Ensem 0.8,CaliGen 0.9,CaliGen TS 0.9,CaliGen Ensem 0.9,CaliGen 1.0,CaliGen TS 1.0,CaliGen Ensem 1.0
0,4filter_1,,True,False,original,1.6662066233197232,0.7403032041568348,0.7496450732035117,1.4144379802577305,1.27532328474011,1.4855100734857685,1.4829522462730191,1.287061740105895,1.4578942475065422,1.4495937386985114,1.6301466155227458,1.2072640873158824,0.7629779969408897,2.1242156442965827,1.2707967216327067,1.657464968723775,1.7687648814495505,1.5560621206805627,1.7741614375681178,1.8966794780582037,1.3073616154340242,1.58426906521983,2.0214217164445274,1.234278810586589,1.8286105378493704,2.142134786000033,1.1673976224141438,1.0766274565802227,1.998941727231956,1.2230417906257125,0.9812652231391544,1.6228656746286374,1.1470790927392436,0.9619099967932688,1.198714135497579,1.1071888495168145,1.1380030589375707,1.3725889927271462,1.262195408544441,1.2567752999533148,0.8683460044862895,1.4124747764942636,1.380274981476544,1.2406727502627797,1.4126422306665911,1.6989743663570644,1.4979319103921622,1.5434558469623725
1,4filter_1,,True,False,gaussian_noise_1,1.707275990551101,1.4121316577013558,1.319537374698477,1.5485072079846,1.6497977552994825,1.346548250007718,1.7122064389603568,1.5774080264530477,1.296403503216542,0.8685522021542526,1.5651980352749764,1.3992731015546065,1.549210246695878,1.9521986315613449,1.8460536343651344,1.5713373113190758,1.5958488331963874,1.6216754354940817,1.6292064310925778,1.606296317378627,1.2793017541887957,1.4981499368984108,1.6084864000977668,1.6110733272670734,1.7272828697263298,1.5472920697388943,1.8918718136990145,1.7310593677154582,1.5056605464416355,1.6653090070599643,1.4790230021341368,1.597799129566693,1.4543526613199411,1.5299810340811104,1.7038561712782732,1.1502324440212617,1.484624225687334,1.744090029914755,1.267450284878289,1.3135546727642702,1.625750890831892,1.1481421838405057,1.0173272974510443,1.423219793714954,1.210283943642442,1.1123641027339797,1.2645479536532334,1.0938552784101614
2,4filter_1,,False,False,gaussian_noise_2,1.8501964813007687,1.5691480923931866,1.80377625610456,2.1529472091670803,2.150472011447244,2.180412874111564,2.149487297273073,2.000158475235088,1.5949351865852175,1.2601098257872203,1.873492927089038,1.4424844473828236,1.700848342711502,1.6384648361781973,1.4931088844769491,1.899490395102523,1.953520546893979,1.7209756832687868,2.08293155231914,2.1219105142692154,1.6703728638713338,1.9306635959775085,1.8269193344411965,1.8515227683598667,1.9845454689794404,2.043726156066208,1.9531208553856867,1.954152492945688,1.9935555564514456,2.08194158442881,1.786152203306703,2.082750643542833,1.9826865749022744,2.0173879713359257,2.201241579530679,1.7815784911330093,1.8680280176576305,2.23446838125687,1.7410795596089033,1.5889880441292108,1.835965056461399,1.638163455533069,1.5454173035154228,1.5202883439496064,1.519710899706044,1.7286982613066446,1.7513730204127531,1.725500038855263
3,4filter_1,,False,False,gaussian_noise_3,2.405508971313229,2.230146026647901,1.4577380929704749,2.0000995633438987,2.2166622665773024,2.397359816510169,2.3949547349259395,2.47871546161509,2.197892392427602,2.0625308407724408,2.433760865837739,2.17308623462497,2.288157893345333,2.186166867082127,2.181587436023675,2.437186919527757,2.5366846198952477,2.3295390876598137,2.4754251205565674,2.5992097752233234,2.321816596340689,2.2161351535398848,2.323759596683337,2.219157407367029,2.481635712235086,2.681203736936037,2.4136790324620105,2.3521224972436983,2.5385410707041967,2.194790769809119,2.264460463469659,2.325386337239129,2.2494279271072344,2.272872120034347,2.373271583063142,2.321633966565343,2.40912603029763,2.443255360653328,2.2520965519404785,2.38674213626645,2.3398634502012188,2.3737929904553865,2.347034892374866,2.378848824418279,2.233832445254928,2.37057234441077,2.400434810688804,2.282207377963448
4,4filter_1,,False,False,gaussian_noise_4,1.684892903279479,1.5913213065428706,1.7488057779578037,1.5923793571773348,1.549280889853215,1.5155879242148371,1.5949575170343993,1.665819920522868,1.607477121160373,1.5652595575474346,1.8767906781569947,1.6539238890716117,1.6608352800450563,1.745157205743653,1.6303215398262474,1.442320834479193,1.4602358056614555,1.2577775042425412,1.220762359177406,1.2465730762566625,1.3233222162059646,1.2603314304949305,1.334530991670769,1.2898314531007231,1.3227948245783685,1.3635235580964555,1.2744016771661777,1.208976245041433,1.1962477158241207,1.3133616500535352,1.1691465562930754,1.2257380787269234,1.4429000276299269,1.3292291695141143,1.387363348817772,1.3891089788334512,1.3588571075912796,1.354361184469956,1.501187471182975,1.3348129094680334,1.4387891327138216,1.614340873662648,1.5670222938570224,1.5965816641901998,1.524988021701689,1.4208059976194107,1.4490203237346977,1.5779739494375142
5,4filter_1,,False,False,gaussian_noise_5,1.956423975630959,2.010163997351006,1.3363939718180649,2.2233520225122425,2.547849259293606,2.0171103674534674,2.027756527883702,2.0155074294427027,2.0481667101766425,2.036344729361101,1.5984087366285848,2.059834612432854,2.0531818253899097,2.2953425448606035,2.1471500940583303,2.3406865578514817,2.324480550848315,2.187878865121536,2.236471724176851,2.155039445908023,2.240107705001253,2.183365847198531,2.1814294863385717,2.070591855437937,2.1966119395401784,2.1517477260860827,2.176132846479441,2.294270981180045,2.2811703512178667,2.0155757490266226,2.157816121122033,2.137679308326639,2.0800290479528667,1.9938540749454727,1.9837007343304067,2.078849792812824,2.058159088257132,2.0821455928782973,2.1268276866569726,2.0153114703283417,2.0697788651204068,2.080762435034462,2.1943177924336306,2.2120093033427617,2.1500956608941046,2.1195568326964085,2.127141822824328,2.1061576345433592
6,4filter_1,,True,False,brightness_1,1.5945848692890778,1.0011981524879885,0.9365605268247597,1.305756888472487,1.7009754657799023,1.6124742262327263,1.374371891385692,1.0425887669934362,1.198878486211952,1.4414243499057204,1.7950055735097707,1.284590025777852,1.1591468976031551,1.2524095679509075,1.1023745222072234,1.678598232551257,1.6741535706570838,1.5006198170685368,1.881316931773252,1.842273924858648,0.9620301624702248,1.7595042727865695,2.094731892580282,1.1459912493395503,1.5227601220077616,1.843865267812789,1.270882064641278,0.8834486715950949,1.5027771469899691,1.0837832544213584,0.8064565372453406,1.4110317643247596,1.141159418882115,0.9335935510296952,1.6405921384101332,1.132398825708312,0.880104787701812,1.194413758958034,1.029263304427678,1.168127396609428,1.3363837825192926,1.024995000489667,1.1948384158741578,0.8417219259380495,1.3466455928982213,1.2085559130786665,1.232714741922213,1.3092679725718794
7,4filter_1,,False,False,brightness_2,1.6555823828294869,0.820805268097888,0.8093068036263261,1.4268326059983425,1.462544945731384,1.4693199212710488,1.2511631995602268,1.2488997077604451,1.1034020354500855,1.3116783803210714,1.8409532423064168,0.9863418128740336,0.881637475526065,1.815264676886748,1.14560034686539,1.79903857681311,2.0669900594892767,1.2164553107422156,1.6776226594396526,1.829967309165749,1.281923402376717,1.5372890282351028,1.776878932153391,1.015251034893862,1.4230318287321029,1.832641240705477,1.2171527085651717,0.8863968704958447,1.3548488750273462,0.8171281563804678,0.8911270391071413,1.494834534244761,0.9400819338350336,1.2082671290146625,1.3894028392734643,1.0501976934221844,1.0083867424814688,1.4416724056230836,1.1574501054461084,1.4386002058767031,1.2319573308512304,1.129276590479866,0.9886856294751232,0.8647857961552267,0.9427939118803772,0.8772494086941324,1.0840019057624122,1.0159539691211863
8,4filter_1,,False,False,brightness_3,2.007918825909958,1.3352557014901372,1.247063171780123,1.7080631192476543,1.8596568709486607,1.4265092259176233,1.475828678167655,1.4436840050269684,1.1233566313547851,1.4327337897391308,1.603409559458507,0.9582726886043352,0.8441946916092722,1.8034924326973176,0.6963013613872303,1.7302683374007437,1.9309378999614972,1.2620436780707525,1.467397652800472,1.6755696580627504,1.2323447972648711,1.5611700443607928,1.893451574596752,1.046788083278213,1.5094202594744734,1.6604231154212483,0.7496887313667785,1.1489892071538026,1.7360874972444218,0.7941302715484707,1.2153989530413891,1.717288506730426,1.1107333828839017,1.169061249979805,1.509738958434229,1.16117125959139,0.6751382189587122,1.452057264965895,0.9627591698360572,1.2492823144275698,1.1985703081933072,1.063297204900906,1.1403363811387262,1.0352790372281704,0.9589219999980796,1.1686178046704805,1.0399151482420963,1.081733672137453
9,4filter_1,,False,False,brightness_4,2.10109734685447,1.139123879295767,1.0136492891623672,1.5497281775457104,1.3264479840377,1.9974114567765453,1.3280782973970728,1.7943277652432972,1.7771834959963817,1.7823373105023863,1.8647990740340443,1.643889268793297,1.151799276548568,1.6064501602605772,1.0782142338128065,1.7331848041388376,1.8110455988764809,1.4042565003171017,1.6016004137884328,1.7682014567700255,1.43007490042135,1.5187044969558032,1.975355856835541,1.4720420891843573,1.2947519845444986,2.1392903308640268,0.981397601749278,1.3953539349925883,2.0364313812943946,1.1134435885602405,1.5406973060183664,2.049456304307613,0.9154032125747076,1.2010948304603286,2.0180322141705247,1.135658421379084,1.1355965041880378,1.8951765895263148,1.247888033658343,1.4336796587103366,1.291650390757624,1.355001982774508,1.3993722718023318,1.2227925900343313,1.182938628933751,1.3433555366481071,1.168084754829856,1.6024208749617197
10,4filter_1,,False,False,brightness_5,2.15481075547069,1.5424913347605174,1.2529662387803917,2.2351540067442155,1.812020214849882,1.7874166727476484,1.4389209811342765,2.1587197943919207,1.5793747876056832,1.7532303009865278,2.1506901940954832,1.2650377917352136,1.3509666643570934,1.963329059586003,1.0666198231088688,1.6675152387613348,1.7068260986388315,1.7397056970532887,1.5070559295377797,1.723968562459852,1.3969716078571668,1.628089514266769,1.664994293765718,1.2210431013628549,1.610324500856637,1.5936955018386765,1.0223037077048798,1.5729808775037708,1.667336054505169,1.064317480527332,1.092550602974663,1.7402151824118437,0.8296509487387757,0.9460991696187834,1.7294122676414054,1.2766158290371088,0.9643751188676748,2.0751580620269614,1.2528509071060028,1.344396084792495,1.5531810177416665,1.2952329796247777,0.959899167708426,1.292282600795394,1.1022233930378185,1.303436390709305,1.4722148694487138,1.5025654718462962
11,4filter_1,,True,False,pixelate_1,2.0441730637588447,1.1765870120173034,1.1525636119161358,1.8427348797999876,1.897363142408412,1.3205162887940831,1.1058823461250746,1.6098059523832866,1.3239999157611444,1.538698315437673,1.8528556863579075,1.1714877879245873,1.4124233000057906,1.5696163790581532,1.2361952516985533,2.299705376693663,2.276352943909534,1.941443811128938,1.9874858491831175,2.1489657266473468,1.4327007715390336,2.07699524618768,2.227174329620473,1.2062181326489805,1.9869357074570295,2.2064821568861825,1.165291864307001,1.553844158133355,2.402942119672601,1.331767956711781,1.0676350393132894,2.180880936251165,1.0025245107027465,1.3272659468566954,1.6721871748278043,1.237049522789217,1.1493207503758087,1.542142070069905,1.1509119091767224,1.265813369614362,1.3291920478657269,1.1458003715108234,1.3268972499858354,1.3699330413887705,1.415710229374057,1.2741759192356183,1.2513409456318692,1.2609232490035118
12,4filter_1,,False,False,pixelate_2,2.019772859927744,1.2644671841056494,1.156726020553552,1.7060900835306252,1.7545850610943672,1.50199110309651,1.1364760765352533,1.3665638739058468,1.6157537003193003,1.931293290868242,1.8473868661583248,1.6725105891328231,1.1970920369434093,1.5298075886728255,1.281458421662821,2.287183285916976,2.3814638284193923,1.6931038551797415,2.2111910047332604,2.3031905799739625,1.5014241070301413,2.23779850086764,2.465003275234241,1.3846442110217128,1.7596420003571125,2.306620349166036,1.2296655472855862,1.5811208066011224,2.336753551376651,1.340855521519343,1.5195450485962358,2.428294999560177,1.3371324554342108,1.349991637154662,2.357407789090469,1.4727107757452775,0.9176435695565324,2.0876439610736397,1.3160581953642765,0.9956909658155636,1.7812516051195575,1.0005289426164945,0.8619804507649612,1.176624740494674,1.1562765403633437,1.3771603722274597,1.035439103890594,1.439861207078715
13,4filter_1,,False,False,pixelate_3,2.0349784836215146,1.1093971992485423,1.1179472322667137,2.0996082350111043,1.5469149312489714,1.4079459516401711,1.4351856413588795,1.7263168351099876,1.1382747768472774,1.5410234553609272,2.338646478773798,0.9986802594738812,1.2717292543880525,1.601175538016816,1.0607618059608148,1.5491108902169906,1.7640410224622842,1.3446761799751623,1.145880342861967,1.6144462508082698,1.1497491591906417,1.6876150982190865,1.8261972239819344,1.4502666186156172,1.3361336850289909,1.989959286063512,1.0778893698319991,1.1898717731795685,1.9155362723433085,1.2671313546698322,0.8807881229743302,1.9269782924252967,1.0123714729024045,1.0889648871930495,1.7637446733326267,1.463984340281176,0.896997877299984,1.621790541594784,1.3183165228956533,1.175376993970045,1.5776855603612834,1.432047690569646,1.2079252551678124,1.2537142163704844,1.3494991167955943,1.1026364987567538,1.2442782478527523,1.1932637980084615
14,4filter_1,,False,False,pixelate_4,2.3116765906913144,1.1864090768874798,1.5484837930238189,2.184671972591729,1.7713916650466703,1.8025488130970824,1.7972969844087063,2.0412546949578934,1.457422058956043,1.850369014768095,1.9070540984298732,1.3439563395831948,1.4479472058367024,1.932175883435856,1.2413418685939708,1.6436955060136829,1.65123435200201,1.650562913085871,1.5482087992105993,1.7876333916833145,1.4331800443296037,1.5573965066146116,1.6313013168660098,1.5934429893147408,1.6788874392621342,1.9101226193731764,1.1489686320877874,1.605859369639861,1.960783974334556,0.8893567793635827,1.5127614907417477,1.6733327568068674,0.923063363191599,1.584875427937052,1.816971699138038,1.3405937819405147,1.3668397971133297,1.5208843146612925,1.485307595333296,1.3418566097771227,1.4602571982899468,1.1003034905243032,1.0897761463306777,1.21574162872728,1.289702582210439,1.1504097655037575,1.27180836665858,1.323058227450139
15,4filter_1,,False,False,pixelate_5,2.072109859953108,1.7091491365751337,1.36624949819943,2.5926881843573613,1.5254851657131148,2.0327245654752195,2.0741748535476194,2.191637549554096,1.3814925402040308,1.2824775737339174,2.1725149012657723,1.2868654532112629,1.082487478574465,1.883727710438548,1.443283408971754,1.5044638688651326,1.5294405593681235,1.3601988051802674,1.7039070567196286,1.6878423073881117,1.4482265452358738,1.7741542023809045,1.8467013164686323,1.5834296263501242,1.3300090691515896,1.495258154225276,1.1697836298712123,1.163640634085744,1.5735258501253735,1.1015441869211209,1.2358695828486554,1.4501802635559735,1.4585381363751442,1.354225955225333,1.647222222475543,1.177149275205984,1.4801195946589305,1.6909432250788226,1.4614186090297292,0.9214320637574336,1.4759564022000558,1.5834250978976727,1.2532273270588532,1.285245880841965,1.410523843214062,1.2714395365703572,1.6513179126972763,1.4293999785159153
16,4filter_1,,True,False,gaussian_blur_1,2.2194293907476625,1.1871559486531498,1.184509419747857,1.8340282047424372,1.855581822172284,1.778567233845576,1.285249128624049,1.606903699105815,1.76496924481411,1.838649789265196,2.3415776650827502,1.4712515548972247,1.001454103569527,1.9107420097115209,1.0514010496323205,2.175572337514393,2.130821687189331,1.40075208264953,2.187634420344431,2.4422841328550664,1.0764598439322035,2.032019290547028,2.291405482839229,1.055092228498649,1.2677303519141423,2.3292874963657764,1.2880307490280145,0.8913868129132178,2.2347109377876224,1.0750845523338042,1.2544703839782216,1.935782417806361,1.1639805494894502,0.8494847832837785,2.220407525597841,1.2786612924473333,1.3700863496333735,1.477897688248168,1.152652750145103,1.2850016465515246,1.5302527110314983,1.3194629040828167,1.2585735269396885,1.081022379786685,1.2885822060532333,1.4451559075061933,1.2783057919674203,1.5049482170674635
17,4filter_1,,False,False,gaussian_blur_2,2.324243657972572,1.8236780129391408,1.4793727798515015,1.3635180535816078,2.0152372395554217,1.4876447851446994,1.6857944038782449,2.4621414836206994,1.472319082192585,1.3655793995775725,2.002847316947307,1.456693371181392,1.4636073619053662,1.6864921276127929,1.7856764572328216,1.8398679396622435,1.7691178303462254,1.2633361007370305,1.573890776973513,1.7960138344283865,1.373151961177574,1.6846636454489414,1.7784679650122923,1.6346165604234293,1.5214475388256818,1.4759524040451009,1.3610172971663508,1.3735927996723576,1.4489684811534078,1.2631407024619845,1.230260769766433,1.3295888879050206,0.985144579810992,0.928049467879753,1.4123245199867895,1.1505484054972446,1.3362652937996728,1.6113729588673742,1.2457978672234913,1.363039933368082,1.6262021645435334,1.447691604112858,0.903185441671434,1.4116981434949345,1.3068965103019503,1.4381407865978193,1.5427629440530637,1.6741884046207145
18,4filter_1,,False,False,gaussian_blur_3,2.070088664656038,1.749546021884918,1.0085546879512417,1.989958848050168,1.6615487287450452,1.861576570244358,1.8855287148980016,1.8794884259745803,1.2866441238472184,1.1138096978443663,1.954178424404755,1.3800439914577376,1.7560967504416596,1.4897966982526016,1.6878664174471554,1.4042591986764767,1.576320663650073,1.301690006333681,1.5619837086683397,1.811410572225892,1.318423253341738,1.3241324865312682,1.2708528758444826,1.2852030410938025,1.184572991653019,1.338610157271614,1.1094578580854424,1.307125670106595,1.3535190598607048,1.3980266294098218,1.301781838103475,1.443778130266112,1.35331351809518,1.0722215405257869,1.4973843382702725,1.3711832852413255,1.2834831701212672,1.828336801893221,1.3184926351962398,1.1359640079035631,1.5806085031871473,1.2796942232608977,1.350984262235179,1.711445317791223,1.2799816755590332,1.111032680719931,1.3126644613469445,1.26481332621427
19,4filter_1,,False,False,gaussian_blur_4,1.4366498049041474,1.349551242189592,1.233932878602871,1.8728899943900217,2.029539256809366,1.7765915565950572,1.9457980415633307,1.4961327198439185,1.5215529589492565,1.3993973662115384,1.882603204507667,1.4882012384130698,1.3572215104429983,1.2046327995984751,1.2509711861240105,1.5645312441754309,1.684789303966633,1.323284149471528,1.5086860280358545,1.5439087745118762,1.3885219673634177,1.4713083472244908,1.65458925111503,1.3468429868457998,1.402366252981127,1.3390766884945782,1.341508376567975,1.3180309362306917,1.3636168466909369,1.337682640143427,1.3136272319865,1.5225894661701207,1.377283007953734,1.1654377087637355,1.2588341429205367,1.1918188316856764,1.1567106444335238,1.330133578461134,1.2549151277230628,1.4943162705564668,1.3966497539203375,1.4852908867933134,1.6052555155444574,1.464574399909937,1.1913710830796964,1.1929305432265127,1.3648924347887976,1.23634436818387
20,4filter_1,,False,False,gaussian_blur_5,1.0384253850362346,1.237036132407464,1.0603239906890294,1.3404442436129202,1.5585461784752133,1.630877352272124,1.6429709021586594,1.2013700178170996,1.1871420249785498,1.212141781137393,1.6319105476734534,1.1902159387772455,1.2100508476510348,1.2487985401861368,1.1320318852902485,1.3077585813327326,1.4379164410355134,1.7220282695963502,1.6856259766068056,1.7596017641018635,1.6140216422048128,1.5263933334430704,1.6961606376618346,1.336435945814058,1.6568342532243368,1.6920522380736365,1.2603578619134013,1.397723352346394,1.405854170270277,1.2629409951070802,1.455871564017152,1.5231770706796794,1.165547399195003,1.2815776431837984,1.564206207537998,1.277150219164834,1.0188042153601131,1.3411738002544202,1.2111851764816233,1.2900982709572468,1.1756080877855015,1.2020521047897934,1.2822817873878916,1.3619253630138672,1.2538974592957448,1.2879006487939144,1.3170351083070504,1.224379784997117
21,4filter_1,,False,True,fog_1,1.7976013755017934,1.7051826105450525,1.4399458700704924,1.5270111628287035,1.3591890210736708,1.192097910619193,1.1141189830092175,1.7536908692998348,1.4834290487082828,1.476787286760042,1.5713547072539713,1.493464459712269,1.4086729228178771,2.097587080185148,1.7092988527503177,1.5907318772706518,2.059964559967757,1.5718553774913036,1.3382510013597575,2.075954584223498,1.1536574893919935,1.3573325561579912,1.667215203688294,1.1241407868139608,1.17251420515276,1.7689140524079514,0.9015824939056268,0.901739852692048,1.6600710716952274,1.083360788638599,0.973292382897442,1.657337354211968,1.289046197097387,1.397632414511528,1.720781661383162,1.3587175336936164,0.9378184143924156,1.853664883645732,1.5048674638201958,1.185862445650006,1.3230017996163583,1.358684305970571,1.3188080440846848,1.559015983708168,1.4266105375999771,1.4149408146651776,1.5816309678224647,1.5655980418989237
22,4filter_1,,False,False,fog_2,2.0270974913863418,1.8725811506498016,1.5070947249797373,1.4616471097571408,1.913598397065021,1.493734361603701,0.9960974786398336,1.9214193352580984,1.845428744654638,1.8324252085338368,1.873894371742584,1.9342883018457755,1.87641829232165,1.878518070988361,1.7762583334376965,1.839954816087192,2.212380181433012,1.878006724063964,1.8140015550726512,2.3108513457658875,1.5891241309139437,1.7412535154789552,2.4175697589753304,1.9281011927382712,1.7134699024795774,2.2924553363986684,1.7727527717589024,1.4947115889161346,2.2773218188820445,1.9351678531452063,1.3864962921603812,2.3711317989868173,1.99686605585268,1.2812334180272764,1.9891978381927864,1.9449420602033607,1.8254507628837693,2.1300704474634475,2.0790877223737123,1.9842758789508137,2.0699471232600346,2.048204446077269,2.04365386339895,1.9738568463287511,1.9392213306335813,2.1003969262647244,2.143075777232196,2.0100659583326226
23,4filter_1,,False,False,fog_3,2.004024729316088,2.023152836570766,1.6120543580026176,1.557186692468306,1.672262948660562,1.2078907210623042,1.3715713508064495,1.9831550249534835,2.018358996136878,1.993063979753984,2.3015042505715,2.0287537191591625,1.9743827693187617,1.7565044393310607,1.8403021790892464,2.1159386513739853,2.425218025452123,1.7895442029102346,1.9060274660257648,2.343923712601711,2.119992628315716,1.968491315031181,2.713863052337688,2.046022473850498,1.776402169194059,2.688690700108117,2.0368551539496287,1.884436053537612,2.4775831916288698,2.136864758718813,1.6115898727696465,2.302317210328823,2.026897840324279,1.9937237370490672,2.090069485594604,2.1460492667647486,2.004421897341116,2.0403822404507803,2.0061348746007157,1.8642664379132257,1.9618961901425904,2.100165421638952,2.045851836077589,1.8687710014885213,2.0470796554272264,1.8721938913756668,1.8231718539428603,1.9231140181423725
24,4filter_1,,False,False,fog_4,1.6648879776061665,1.535252839286963,1.140847661949239,2.193318805970492,1.5022295898067377,1.307566917546206,1.2323446459974634,1.7170082614330713,1.430522200603078,1.37969099065699,1.770263248827823,1.4572030155387794,1.4170191094333426,1.5526593420444543,1.491922035030104,1.7638520455908064,2.087316170978966,1.9510330089172625,1.4546591105319506,2.0226128462826893,1.8020112190150352,1.5449154418341422,2.3881219216283203,1.6756765869071424,1.7107972400382283,2.2259151826042887,1.712184239982247,1.3978447664805074,1.9211479191892216,1.670116622234626,1.4819301018558384,1.589410842867458,1.6831689180041451,1.5808903005042676,1.8066642205106904,1.6655472652745464,1.6157871945137094,1.862776010558309,1.5908831551704492,1.407953882953206,1.735389098826528,1.4688698914696696,1.4717343377963528,1.5452704613220554,1.469351492680709,1.5468342601825795,1.5205298721051932,1.5278963562169776
25,4filter_1,,False,False,fog_5,2.0215979209946124,2.026321128913978,1.6473946600338325,1.193573256500131,1.1893244025934109,1.746066571186172,1.8204454035133264,2.0174976931517024,2.038888691809275,2.029834170114143,1.9251595380222375,2.036869884723362,2.0807122963493003,1.8734039482582177,1.8041965989871347,1.7352779224831658,1.902837718936781,2.2963683008861744,1.833182050421263,2.080053271527355,2.275323920627486,1.5362291316096854,1.966226781153235,2.356892816309399,1.89147145644606,2.214036839640889,2.166435752485945,1.9449275638515309,2.0416005733412037,1.9885443695296172,2.0113442644827195,2.0020709866466797,2.069443877749414,2.2454916834490235,2.260400412372319,1.9941001108988807,2.0191753872183567,1.994583342784353,2.0469992396127155,1.8819247741092464,1.8480996363046145,2.0280379931755195,1.9949218515372744,1.9756488626482225,1.969332978641512,2.0441005054443155,2.0407189682697666,2.049301648324573
26,4filter_1,,False,True,contrast_1,1.6514686229292412,1.6429200823031365,1.0895074182761693,1.696265316708968,1.4701124194047646,1.2556949823988772,1.149852143954328,1.6997226058409232,1.2849916467813858,1.270892975902144,2.263672382757342,1.3845657375656253,1.4965508009937036,1.615375759540586,1.604524930301951,1.941615640391379,2.070123509774713,1.875379032223307,1.756926660404054,1.9656576561788504,1.3306045667252235,1.704951224218374,2.051861698128703,1.4586479317900236,1.6479421494272914,2.1864963284642487,1.5990892690222938,1.4293448478693431,2.149420843526441,1.1911292395626174,1.111153053469446,2.302944851993513,1.3729119537524044,0.9710573820783194,2.056934806393138,1.2844810517843912,1.047717698583408,1.654478990028609,1.233212091635312,0.9749157175637208,1.4345707909257783,1.5786824814606129,1.2790189699718937,1.2662211171064202,1.4532624209811396,1.678000237428814,1.601734290367136,1.450714852016974
27,4filter_1,,False,False,contrast_2,1.5992869490100408,1.5061130684419244,1.283596936368998,2.0728891958797764,1.5554113639966771,1.1081037155922195,1.2460254124589134,1.6046581113521816,1.5381943341397788,1.551351638024019,1.7893629176117878,1.5219582381813654,1.5430223636401037,1.7496227280550505,1.7415147546164405,1.3827023243010326,1.6454861836676262,1.4925024240080074,1.3573123552002542,1.7901194693770324,1.6569856612016662,1.5513378908683662,1.5660134286440686,1.4715104186927666,1.3955999540719264,1.6904541040286276,1.58125656731469,1.2175728733452016,1.782839881794014,1.689883125938527,1.1542986835372968,1.566750847196304,1.5312741659548188,1.4769394432650038,1.5949116631423073,1.6403318722078934,1.4085226840701268,1.7337518223052972,1.6198152607580034,1.393978274946601,1.549733457649226,1.3890053800185669,1.4827489171069763,1.4169230411519518,1.4311343934090133,1.329394403466008,1.4257797872021,1.5391676825062302
28,4filter_1,,False,False,contrast_3,1.451422774015898,1.4533882019316318,1.2840562300587788,1.609377785259077,1.4410808807336284,1.123634947147709,1.3095608553647284,1.2862827599082052,1.4203147703010128,1.4241157928144208,1.7268515665514557,1.4313569057570636,1.417387748675042,1.536617644101155,1.4875458027573225,1.2894010805587917,1.400683546239597,1.6528329056926654,1.2896161744076615,1.3103588714968153,1.4438765934092794,1.713930700404273,1.5836124723083134,1.4170814306056287,1.4493589430443852,1.49318382299274,1.452841380439319,1.3685337122322827,1.5089222328952543,1.5216974855812897,1.5019961510731763,1.664692771588148,1.5242840469127574,1.4644829255980325,1.4554061363004456,1.4523174319806758,1.5375490874393587,1.595638869652369,1.4736630165131983,1.5645260168283976,1.5354900530560185,1.3265813659128645,1.4321097032310532,1.40349920538094,1.3375429021449616,1.4287685227294094,1.4368842745425112,1.4223595056702267
29,4filter_1,,False,False,contrast_4,1.4396852228659838,1.4066271864058848,1.274350725743125,0.9597571425325392,0.9872281943169652,1.716667358477589,1.6282086862489145,1.3622077934717205,1.4343296800397811,1.398563339746388,1.2370685171297002,1.4337606275568446,1.2265822338968857,1.2687212184867205,1.3549209812633607,1.2805724567614594,1.2673266939739458,1.8205114274396592,1.1104464415029072,1.1418648208351951,1.5357730486226913,1.545749784920832,1.6767195421613834,1.371040476331313,1.6056714866760005,1.6779363267541532,1.1158116893828165,1.727428364178535,1.8527819826804264,1.4189669386897117,1.6219532903616565,1.560353816922446,1.4455819633373284,1.4621733336493623,1.3869234282748346,1.5297119355371065,1.4566910232777486,1.3735223787544746,1.4665333320978016,1.4751660515555551,1.3805347170828062,1.4441329111766592,1.487570693948823,1.4711262517268968,1.4267887276813027,1.4479276932381822,1.4435768586105324,1.3671650849621106
30,4filter_1,,False,False,contrast_5,1.4309756241121772,1.4721027067293304,1.2240408619303762,1.4765246315441265,1.2643227650234945,1.5283337267247503,1.840019774615552,1.3907851988981244,1.4331479385463937,1.40978648158215,1.797721237438257,1.4111266944188408,1.3519625373364987,1.3130398440447275,1.2809045737734155,1.7062320728659228,1.7924793227623566,1.41133900179016,1.4407167458511474,1.5036032059315942,1.5289267499021677,1.5180296740898196,1.3674060286101868,1.723384045587959,1.309678744075197,1.2813684566544787,1.6820821571225917,1.1812263216998482,1.294676540256216,1.6862459457958638,1.7266607158359777,1.71205207854987,1.596581527449558,1.762996534334219,1.77745136274348,1.4200334241543406,1.5502489424197765,1.487332444567406,1.453590721150737,1.3347890473486397,1.3787753309161874,1.4814461475909673,1.4423829060261022,1.442240266406897,1.5295990491886586,1.4647688876367126,1.4706567811217366,1.3943803356316
31,4filter_1,,False,True,elastic_transform_1,1.764357955140452,0.7956834173343517,0.8385310968195997,1.6184858030591212,1.3374505622015946,1.213942208884232,1.1502522883569597,1.3339592491583043,1.4947721822404296,1.6136553387609995,1.4501937541702283,1.4358042127395654,0.9830518115600372,2.1434817565752957,1.49217716851797,1.5900209412076949,1.5494358887615276,1.2990307302884854,1.4881987964971506,1.6740779144441402,1.13799567951363,1.217283706819025,1.8902011773896783,1.286072881652628,1.3311956231813795,1.6816428072606755,1.269431372915542,1.1194907138587322,2.003735611357691,1.41811693954502,1.0680508375061566,1.8907659706314544,1.2871569425015037,0.9443103974792424,1.235830257834437,1.2944473414643225,1.5068370624204133,1.1735551720084154,1.4914696632442672,1.3713871982455583,1.065283009921697,1.3632569742115326,1.4618324517877754,0.7915322891970368,1.2787613259731765,1.5407965014900034,1.4085088279830604,1.2719485384487246
32,4filter_1,,False,False,elastic_transform_2,1.587551546744989,1.3270423501902455,1.3337169039597687,1.1214143203633282,1.2511088511927446,1.437254435746793,1.230755254224826,1.3300675700029103,1.3679711350819956,1.2064893128667766,2.04835022648487,1.3411928475828354,1.0384457587313838,1.6021441801998988,1.2382945028985437,1.7438378617536388,1.6567577559925073,1.7206949790435635,1.5091827509297175,1.5889014853700634,1.2215603238314938,1.5855938972319252,1.7263976142646391,1.1823683531374922,1.6485113693185007,1.6701460492002318,0.8977808612607943,1.2723409553669116,1.766148241689528,1.2135497938319428,0.9372875360569648,1.5306352189298773,0.9503224291112518,1.3139549815972644,1.335684173353442,1.469524138415796,1.2361137165134644,1.321100249792653,1.1348069717135687,1.0177212167273848,1.2246425349432135,1.014666638016272,1.3148856684256376,1.1591445004625622,1.3645087155086864,1.147990114231317,1.3412347403214984,1.244748542531389
33,4filter_1,,False,False,elastic_transform_3,2.296948308821058,2.3045386362985685,1.688658273607557,2.097269582867424,2.038142468812314,1.4141964813264238,2.12091618596112,2.155019220703068,1.6605463754673495,1.5397229676178112,2.468315434455607,1.6611733611731123,1.3583760689431692,1.2325882225423357,1.6292009166526933,2.3086059544375144,2.339763464973134,1.9269350357745083,2.436255842639869,2.5409559810307294,1.766302967226589,2.3233226681400643,2.568153936959388,1.476280623725177,2.055811475288178,2.488032232337289,1.6285517776949727,1.9845119783482157,2.4781877214095527,1.431825591728341,1.4443171520053195,2.2095038317792155,1.593019971056718,1.2613234130869964,2.111410993202145,1.559416527302958,1.5879400599536329,1.957309341907988,1.7046052201697566,1.280069708157331,2.027397835006598,1.3596007886129398,1.3299103382996231,1.8554470089503965,1.4825110992333983,1.380631334889918,1.498113368427109,1.3773921282688315
34,4filter_1,,False,False,elastic_transform_4,1.9562932918769036,1.8014950671615075,1.2143473406571244,1.177921688016627,1.6524352239185474,1.869550404525356,1.900155417911719,1.911170498445108,1.5285418047777783,0.8005451465378941,1.7901995246522224,1.4166832428097953,1.6146855940857625,1.172368747493849,1.6886790914415968,1.7003588650583508,1.6701630961792324,1.6489253371142725,1.7013325779663715,1.836743727286455,1.7210478674014469,1.7673466448753306,1.8413294142045464,1.811384810176376,1.6642734035121964,1.6716194295811977,1.707344285973183,1.6365585908200264,1.8505511096490557,1.542366834123072,1.4726480832497306,1.8887605950261677,1.6150743601243098,1.5453843620440897,1.967625036953385,1.6033861364978048,1.5378012241422192,2.122912295871413,1.8205030871443373,1.5826954331367746,2.0822971555241234,1.2697124126344148,1.5390845990040485,1.8851668207165388,1.267273501696268,1.51704683515056,1.6027146836184356,1.5937586998225657
35,4filter_1,,False,False,elastic_transform_5,2.019982163538081,2.0544108397744982,1.532364112554648,2.234517048289946,2.305484453047953,1.9404944988330683,1.568391220310306,1.9515179723166856,1.9292277955980008,1.638512373740645,1.8469726120032963,1.8344441953983213,1.9527818471539848,1.70025733441455,1.905619584729219,1.7897635868300916,1.8933084820894532,1.8260290526717824,1.897606352425521,1.951489919560877,1.7574551546905528,1.823284910567202,1.918760644284296,1.6637030460861,1.8714431371744644,1.8719269354725767,1.7896741534510838,1.709230904821957,1.8778482676706731,1.666783128882471,1.6091794643557666,1.8642160664852605,1.6183542607522938,1.7272764406433638,1.8792033247692308,1.6931579331858646,1.574577287071239,1.64566642134599,1.706578770323152,1.622142114996372,1.8755225540436948,1.6173120635458944,1.765891659943969,1.8341688043151516,1.6948364314605366,1.6928931068332342,1.7958337887648506,1.6747266841621378
36,4filter_1,,False,True,saturate_1,1.5276518731085809,0.9060419790133436,1.0118101511769932,1.5736562144942932,1.1087085282036933,1.2139329346613827,1.451985897645434,1.476537235451158,1.0031664722083709,1.444999749466023,2.0663979351445305,0.9557635435925868,1.223248560861736,2.431720615014191,1.4509431345460857,1.4840906059194947,1.3373431701544702,1.2442153929546915,1.1953593811245098,1.266092908263307,1.4564765090257736,1.4743487564900275,1.6563367618236675,1.1160840451209133,1.2687311113650417,1.7707357499949758,1.1567790158383553,1.0620127730045483,1.713135529523348,0.935486311122606,1.378550219097568,1.6029696723228526,1.1529330415777468,1.145216915771606,1.313475957461122,1.1246065058683594,1.4099056914687895,1.2894178135857228,1.1180312009713256,1.10917949736514,1.3448034996149298,1.0198597663332136,1.238096199793996,1.0173121804732934,1.3913220479546131,1.056962947367419,1.0703975619800532,1.1161287549752164
37,4filter_1,,False,False,saturate_2,1.8119165850274923,1.402861987963035,1.3658004666303667,1.8493638445357892,1.5490248075008175,1.360636290425832,1.489203050794598,1.6847365725367236,1.2341357650382792,1.6456405708054616,1.8010806132440933,1.134883824441637,1.0059164163085788,1.8917256288551476,1.170304894250516,1.4651292880789175,1.548836563826269,1.3639849571121236,1.367344264218797,1.61908674983907,1.2755244016584415,1.4063767295861245,1.4411128601106815,1.3219453281036144,1.2237433507475013,1.509754813033657,1.2396218376829868,1.3260834770138226,1.5608402271213335,1.3339661199857524,1.2374198302743675,1.4221982658081678,1.2164349755018726,1.509801559054489,1.3113875352263396,1.2877179514132795,1.384805054514069,0.9661117734415472,1.0699476230202456,1.2957485497417789,1.366936202082947,0.9277391458642816,0.9836680124278624,1.0397799315160905,1.231387761387904,1.1754990632911075,1.242071212643745,1.298459577407334
38,4filter_1,,False,False,saturate_3,1.225762111760454,0.9533707494820316,0.9633511830485616,1.6290532071438344,1.5222025693377483,1.6431539306465195,1.6158602708820409,1.2721745686060912,1.0021084010714931,1.0894090430837586,1.4255934866322764,0.9535911949049511,1.242011439387673,1.3697643194765683,1.4030490660935766,1.191225511164236,1.2222146270724208,1.3766788573138242,1.359845296770355,1.5075526236220118,1.3677567990144957,1.1822783274479074,1.2597670621421344,1.256888064040736,1.2985977365022654,1.3811038222725789,1.129876133966629,1.25839186428488,1.424698391008083,1.1610586632862625,1.1666440294808538,1.340943883826761,0.9203717288074788,1.1256239157608268,1.257849974082888,1.1202902332491238,1.170482886563366,1.2683250379855058,1.111220895087362,0.9012785471620672,1.1553405453923082,1.1538000513059163,1.4960513611031574,1.2929139227614903,1.372159331711443,1.1183702425666395,1.071227456761752,0.9971393033851692
39,4filter_1,,False,False,saturate_4,2.3157110173146016,2.16651819988588,0.7689758633989678,2.135561201998286,1.663415215764914,2.200408502655691,2.198401529462504,2.3583631489908505,1.1940552682617285,0.9086428134063116,1.960776700588016,1.463459602599944,2.021980037484948,1.5975934494719195,1.669154786282117,2.37633976781704,2.423526322190995,2.307655343733718,2.253109309461839,2.3225463153533417,2.0125457735695327,2.1238235141446205,2.186551935175619,2.050537212273155,2.0696769164367037,2.3890560567693124,1.8757824970604529,1.973050584014728,2.393607727573136,1.986357055432817,1.8879970153802563,2.1512958885052944,1.6695237737438888,1.8637291778351044,2.4090209952040595,1.495375547655324,1.700907307739363,2.0019237986791967,1.822152521988799,1.4969874479318952,2.00906981175604,1.711212503247211,1.576201438866113,1.902523570504192,1.6129057617504687,1.6522558454223066,1.5630456126163437,1.4136323241020128
40,4filter_1,,False,False,saturate_5,1.840919528886062,1.7908171395753807,1.014286957318087,2.0333385252688294,1.6683118668781614,1.8898965661315736,1.9352044741836745,1.943457867078437,1.8004349890550695,1.7010612475079383,2.108100476072258,1.7547453529709691,1.912242868927429,2.529096449634116,2.129662109125274,1.9219860491405625,1.894754262417797,2.038254239170622,1.8471591547190065,1.916159874500247,1.9205044983217323,1.850342369386606,1.6849493349345783,1.9368618279104304,1.914572565674168,1.8273918146872052,1.767785758043666,1.983006081018913,1.925861859867304,1.905965852601636,1.7377386339068683,1.9162668710548445,1.859517910543307,1.745625463945121,1.9051040154035064,1.836504194828408,1.759576876494303,1.9032937068240368,1.7673227950783583,1.890624452070092,2.1593631346278075,1.884483275677455,1.9030644282579068,2.018563310707978,1.9211542843500389,1.8090130713575077,1.8467740703159417,1.8078278288319003
41,4filter_1,,False,False,shot_noise_1,2.0194289674922983,1.335616611609196,1.282163244586876,1.8136615375211491,1.886260159626632,1.862069170894349,1.9476048548707017,1.8993013458147827,1.023177902348209,1.2481567384640735,1.2068474599501005,0.8319840157660002,1.2238721244142028,1.2831663208405708,1.6287254964351627,1.5585980757843654,1.5945240463697523,1.467312351049998,1.4648759278570007,1.7076924653779753,1.5072103525903575,1.526632794009793,1.6692596824304324,1.358645407029666,1.5041292622470448,1.7033529832545276,1.493059771265186,1.242848653984424,1.6823206013965586,1.3506071797427448,1.248819741109312,1.7452017105857485,0.943297869893754,0.964351130275672,1.585263093412138,1.341708630046297,1.4280177047633356,1.6920942066644191,1.272865976564035,1.1066162667731885,1.4896140315669533,0.996748827381428,0.9107069593212174,1.4758459420790138,0.9217212057094412,1.3480677199316686,1.3513423045128623,1.0313976224944097
42,4filter_1,,False,False,shot_noise_2,2.200016538828164,2.054509448250512,1.066588942198993,2.117263987114316,1.888596524946769,1.7748561470846842,1.864375515006554,2.365581382120633,1.4586699386529387,1.3180852967541583,1.8645916400747184,1.4816392619186949,1.7710964877353237,1.5661892106280604,1.5651069403833386,2.07998294984541,2.248568956241106,1.8832769536109275,2.1689912292733995,2.3177322877823703,1.794831312459848,2.103663047201522,2.3477249182187774,2.0040306419286265,1.788173722691723,2.125506871171158,2.134320603934763,1.8744150801248032,2.047999929326036,1.8514077137819789,1.7476348488523183,2.01992953892778,1.6367729738330858,1.7019413890405803,2.021655496230484,1.5444443501689349,1.6042720580977232,1.9977262235002196,1.2068933949588063,1.6698181443043505,2.05787070422586,1.5496044283445898,1.6720775955416889,1.86772487472494,1.7610726695936818,1.6803569318963765,1.755100914129908,1.5250836921009072
43,4filter_1,,False,False,shot_noise_3,2.315222846451204,2.215661632013639,1.466002001549488,2.3267822452037707,1.9165666632929257,2.1557673786403506,2.260295663998657,2.398390668315689,2.081374993349022,1.9139308224890488,2.5307734622800737,2.115175299440226,2.1685850325174973,2.0801076949484765,2.1414000482859423,2.0585810216647995,2.107081819832312,2.263971906205044,2.0544918638099228,2.1783644387019,2.174065892298622,2.077089835552441,2.070462553611137,2.327132114683022,2.370941023646846,2.36113521878352,2.383945548586424,2.326057279552001,2.362779522948425,2.293655681490932,2.277790376524649,2.3971503976504,2.321721413645698,2.398554226511496,2.443482684271993,2.262465408416073,2.389172129062733,2.3499193978270627,2.156139731747857,1.998283925754286,2.028236801499032,2.0940598467849623,2.027151616678371,2.0428410530539525,2.060343745337282,1.9128405863158824,1.9374590230420965,2.01160410359714
44,4filter_1,,False,False,shot_noise_4,2.136267267964613,2.102771676929461,1.740211841740996,2.3266251951880323,2.1563494073976206,2.128720577510774,2.0387009394895044,2.162308729845244,2.020525417568963,2.0047911098199345,2.0186017929124325,2.0307320202475245,2.11602737116511,2.056143555331221,2.120721677835175,1.6909413672047957,1.7734790976749473,1.8532773845936203,1.731488478681256,1.8199171399240843,2.029950769233636,1.7911816765531523,1.8347698219155963,2.1540669384761486,1.7970565239025782,1.8933192981592,2.102600273579753,1.9143020877382504,1.9920697258644944,2.176621914096747,2.0346021120599342,2.124705208712998,2.1244240475897027,2.0102888673405728,2.1146709488279667,2.1555414119238434,2.073794129836944,2.148072349921532,2.1518776358160383,2.240201768640433,2.2841993311789586,2.104137001749998,2.1033828226635216,2.1554720749733365,2.1247969567067804,2.1934324050031853,2.1990587697706645,2.0763056075507644
45,4filter_1,,False,False,shot_noise_5,2.39885866762967,2.365531211073418,1.2968269310795688,2.331113067224347,2.3616383071034845,2.281298971115885,2.1629000098518705,2.3988098599925807,2.348017208848954,2.295627837222543,2.033465992351634,2.3762648123661263,2.3911966115463232,2.309036743057268,2.363088351005888,1.8888005501036131,1.9071520320683988,2.2237813345502544,2.0850383411848403,2.122706799988781,2.256163385428085,2.097457536053673,2.15091562279699,2.233795507088589,2.301402757318016,2.339864298368759,2.3276996401280483,2.451554613631297,2.493205691022833,2.1814595651043187,2.479836167962969,2.535508837100802,2.115093613659824,2.2760607208175214,2.313833906120069,2.107971470816551,2.064609403752188,2.096405279446332,2.145122389823332,2.1040520475168383,2.096417530649388,2.268307099573838,2.093712300599228,2.073099976942496,2.2067228757354576,2.131385550006352,2.1437053997244995,2.214072342252419
46,4filter_1,,False,False,impulse_noise_1,1.6291689393387423,1.3013413124806834,1.438058736569522,1.6338670628000678,1.1927504010241703,1.635424999316538,1.651778906791234,1.5970212824234593,1.2866113594910518,1.424973368622196,1.6670038756748862,1.3944996448743876,1.6585182029053704,2.224255880893692,1.5850138143042416,1.4982243140745932,1.7177491949174375,1.158830480592944,1.511043806802918,1.7654205352253414,0.9933732699593082,1.464193839084601,1.684725188472839,1.3344089815932227,1.5824474075489352,1.526330089467876,1.3716205230507956,1.2388268785651029,1.6030399321409252,1.1880872923424446,1.1771444544735243,1.6229307102369643,1.301389421648081,1.3142092481868268,1.3585837730581358,1.406790589986626,1.004233897073057,1.5057982523543931,1.349431274976291,1.3760385290192825,1.1794769214555665,1.424307082488875,1.337605188046186,1.514636296240765,1.206776124948582,1.5417965085097751,1.6505373266564136,1.2743464281398462
47,4filter_1,,False,False,impulse_noise_2,2.0167026219047197,1.7800347598988784,1.1534500002454056,2.231140594512316,1.9862403842841612,2.497823556545147,2.365225709247124,1.9617075708559588,1.0830519418162017,1.00746703959071,1.6863222059986294,1.267605134556396,1.6566825029005172,1.7458505936453728,1.9382162804797824,2.166274084710059,2.138627322363744,2.5487248965165903,2.166240312308126,2.1351967048953044,2.129989890131089,2.206967547708756,2.2277791768914064,2.273292874364342,2.428386986187129,2.4685417750620595,2.301169265364833,2.364598456818756,2.3229627833687414,2.0557868012394827,1.9954773577341305,2.220884634745412,2.1740576086550694,2.052964322731615,2.200907594873497,1.7877152646544787,1.9939970343014872,2.12307641182062,1.7863673645787934,1.8519596792454616,2.0692515517688816,1.6691706050118904,1.6185162377587188,1.727520559276064,1.718700049449985,1.6591989097619555,1.651741844855788,1.4206349281488082
48,4filter_1,,False,False,impulse_noise_3,1.5822403436928745,1.3534195000244085,0.7981651311187564,1.709666106743114,1.726790933859648,1.815742660200216,1.7551490681462318,1.6579190937187298,1.3666704591431598,1.4027314745942523,2.0543800126881235,1.243543677343838,1.4678483603754084,1.6927460275072386,1.4009178924855128,2.05678709905241,2.2108386694201503,1.7556795813254271,1.9776373250510824,2.051184387658631,1.836762160539485,1.9242038942466075,1.9853936067124305,1.7408771919503103,1.7554898447100509,1.867614230060113,1.7695004494629456,1.5111585657096682,1.655259674081882,1.5262967253920463,1.563602632032064,1.5167047541175829,1.5523014089129543,1.805534654852061,1.7205066099613846,1.516827245278921,1.620651207938656,1.732031175660644,1.4928572182153768,1.5583720610733856,1.6659161987882103,1.6495451194385058,1.2556200435535891,1.525453799692032,1.4621733348068726,1.43828648521757,1.4952321148366636,1.5389567038596978
49,4filter_1,,False,False,impulse_noise_4,2.481691859978393,2.2137928026294724,1.9252870020226545,2.6002804729662263,2.31102803737932,2.3324024619847257,2.202894480301723,2.5270785382986976,2.138060263947664,2.020379907454417,2.616982992975984,2.0707875056346325,2.114634021567501,2.3644041934996927,2.2046523601263868,2.054796576883591,2.0443740419843786,2.1166189679314558,2.040694725234518,2.093132795284319,2.201533322484431,1.885986346364436,1.9509259915988584,2.0090401252737053,2.103159295248105,2.1455454661805677,2.1127734529639515,2.1641423130886084,2.3079522476457908,2.1492460450359343,2.220924438572192,2.295685912882245,2.28570624799676,2.14272651312856,2.2478099899587005,2.2247528461682897,2.067645779814547,2.2368129341763665,1.984234464653966,2.0827340439628816,2.1760453455616364,1.9114119026254692,1.962362888130129,1.970469935049499,1.748216583749992,1.8318322368651028,1.9262132590297767,1.8574404212688755
50,4filter_1,,False,False,impulse_noise_5,2.1114145905146504,1.959920353269112,1.39161807751342,1.9361257614879268,2.2960606521612634,2.166986563412999,2.165665228596563,2.109472391213452,1.96119423987772,1.9836439386152296,1.780682321982859,1.939636657715238,1.968219933541902,1.992002457994539,2.040574583555816,1.8127851991330344,1.928763871102782,1.7486895307261223,1.800243852197719,1.913405033417388,1.7558467403445055,1.7573180913127762,1.86771342095367,1.879306146418116,1.5527796796001694,1.686857425386067,1.9384108698848197,1.6469689911346663,1.7186367293518738,1.889803306225744,1.7652159387942523,1.897196605404191,1.9651966925379127,1.849045891605668,1.8737816768673423,1.9757294110783212,1.9870195517354083,2.0915449669149018,1.9941712674480505,2.1095237281602945,2.241043379188995,2.1135831254987867,2.004206427711192,2.0890581267552766,1.953291557670371,2.12563607981161,2.12201339283442,1.9122581274740635
51,4filter_1,,False,False,defocus_blur_1,2.013109476784662,1.5230367729486196,1.2910423554751538,1.7204515449007738,1.5919473012847465,1.456349637187263,1.470224237111486,1.8691585938436264,1.2535441264523624,1.6708312465191542,2.0034566302063954,1.2899004042057869,1.5308376529758925,1.662193830526934,1.3864028082236637,1.534345394900574,1.6421771720430456,1.4605386362117725,1.729459131157558,2.0430130229230965,0.9829392074388524,1.777873652412303,2.1148322439403118,1.1906925442579692,1.3906058690679564,1.7065200794279471,1.3185324318277156,1.4916130907496727,1.7801137305124757,1.4762029068521776,1.4473884116902245,1.464844990618946,1.3887653810613405,1.555392554128586,1.810793171144756,1.3984307260054598,1.2478095492207348,1.5013884616121482,1.1916012716942057,1.04408514313599,1.5654466954121111,1.1227502629454549,0.9617296122380792,1.4116383782562028,1.5228084710606369,1.22202693667259,1.5360956815829394,1.271440491977935
52,4filter_1,,False,False,defocus_blur_2,2.290813974352145,1.692614707948703,1.2220022065091918,2.2115266084175915,1.7610165598360212,1.5145760229966485,1.3202594414006457,2.374993016192319,1.5106812514203694,1.3173494152746998,2.177252074535122,1.6798274704945448,1.670939245313235,2.3050143751290464,1.871743426736662,1.6474436608337235,1.7165293502227328,1.7238409816173546,1.833739434392175,1.7951853755127911,1.6106311376125462,1.8655661024029289,1.9530219547972083,1.6206995819208303,1.5787723650906254,1.785687908325175,1.5184807593363363,1.923002098648973,1.795177034666731,1.2951322477394287,1.1849677009683472,1.6400627991174692,1.3977022321081198,1.3521939815080832,1.7307120998417789,1.3377703706478496,1.1566247045070115,1.3124802228603234,1.4637256346253962,1.2477671730107178,1.7993524046861331,1.455156591449268,1.5305054897360917,1.6187924906805005,1.2535034584505622,1.3078265855486584,1.340594689184105,1.0510155895906084
53,4filter_1,,False,False,defocus_blur_3,1.6762005812752778,1.610816132228189,1.1810572255408665,1.677173705025624,1.8055429385478488,1.9743107168968936,1.5713133788768598,1.592297393809593,1.3741669467255149,1.4166913789230382,1.6188347048002945,1.4740817691911534,1.4817097969167805,1.7735624715731,1.5113145588571686,1.5258467287462567,1.712581483154218,1.6323103516850614,1.4760853800640723,1.6612078026425836,1.4790604550080408,1.475775815049765,1.5179807087957728,1.5055878970526195,1.312945468654107,1.447716665332634,1.391613761097296,1.5747423482589158,1.7219399618673503,1.306658470177664,1.3409642373916395,1.721626664927296,1.4256324421571716,1.0710217411610876,1.7322723511489198,1.361039963757534,1.2531095619931267,1.577955176155725,1.2611678936386497,1.1879873102927117,1.883421997232436,1.4683167179148358,1.1478622293206688,1.618876474326353,1.278765033337241,1.4777102138030145,1.4550947716312572,1.286727415114444
54,4filter_1,,False,False,defocus_blur_4,1.1678771882725556,1.2083479195268878,1.1034367393149775,1.0850616597746023,1.8767404417262337,1.75545074414599,1.7288169668262447,1.3007179522780985,1.230337508936993,1.2638500062892155,1.6291831413548348,1.2184141309981753,1.201317305676738,1.464995158703259,1.3797436818739628,1.3659175814866198,1.433212716911638,1.4930585669132346,1.568547946840673,1.8002249159147867,1.2989391325256796,1.6131140652166531,1.722224097409762,1.2439061202695267,1.4533388936974976,1.5911317614954037,1.3049538368162563,1.296596543390665,1.458113085574121,1.3041365232826256,1.4552340275701243,1.4644068514928978,1.4818465692542993,1.1106440892392149,1.2231473209279058,1.398039117640413,1.3517251308166696,1.4576159916572762,1.3376391416100086,1.265990959807784,1.3766420830012898,1.1179030697444157,1.2564470266003331,1.2890324990683524,1.304656172557806,1.2806448404033073,1.3214717929436948,1.3037032935519437
55,4filter_1,,False,False,defocus_blur_5,1.558992338859378,1.5612242271977388,1.0935750397416903,1.235520248040756,1.6872988493690528,1.7488544978884453,1.3309057737755567,1.501438650004136,1.5994301597159422,1.5878119573499485,1.637287385469034,1.609595302255325,1.547481068059417,1.5262136914723303,1.5417210137471713,1.5632303925778257,1.602984199711624,1.6619059418745987,1.7312810681814172,1.6731292947473018,1.529028420476511,1.7055984323790616,1.7221797859245451,1.3094513794521423,1.6773003817965906,1.6044680233981732,1.435824066137241,1.6275986784778105,1.7220009444255342,1.3422020598574922,1.0485370504206402,1.454616564362155,1.0387234368549405,1.2571683163207956,1.337119654544907,1.1537919930261622,1.125700788109927,1.1603972457797138,1.3527139561924475,1.207244555472171,1.2125187934947823,1.515409224194653,1.4281507320729614,1.438366097323102,1.5617338691998823,1.4111960477101992,1.451028625214133,1.4913924393040905
56,4filter_1,,False,False,glass_blur_1,1.922026323901876,1.6878552218589828,1.5237697805687411,2.404063092555816,1.862718304437832,1.4726551975253186,1.2956612807585308,1.972761036439792,1.4459208977385634,1.6140755291266622,2.5371422200630094,1.4396593947959018,1.590406168480251,1.2633633731063898,1.8308890138067728,1.7961042693088054,1.9471317230660536,1.7758697412910702,1.7995657739779995,1.9020573155859848,1.4931805012431458,1.5909024188315866,1.902046849859228,1.1019836104668936,1.6190686561347585,2.030553317010787,1.2507223396162783,1.3029472438743046,2.023834140173844,0.9880784500521824,1.171838893222671,1.881357622702099,1.1855274176682709,1.023781676879643,1.6505065219976625,1.1781758134020714,1.2295572346851271,1.6442374555225028,1.358114020013265,1.233778286463088,1.4942458955545692,1.168402177305689,1.3734591645168082,1.722819339969973,1.2886767909903891,1.5489799843904626,1.237433349450347,1.1718046071956825
57,4filter_1,,False,False,glass_blur_2,1.8805485617945144,1.5709669231690189,1.086824700923465,1.1716696534695534,1.7838863348170015,1.8156402500595084,1.53502464499021,1.6218417915327543,0.8504785331951856,1.364627918628121,1.692878536596385,1.0260567561968204,1.576581303085694,1.9461969250979427,1.9270619436659036,1.6598242672545434,1.7978369416652775,1.856669089286005,1.825474202369621,1.9517941110450987,1.315677226541389,1.6705260228343248,1.6819577688916396,1.2108273547404893,1.905691167292832,2.065399593347908,1.1934228680013463,1.359238250483518,2.224808023128164,1.1768476949357438,1.4489218860859536,1.950097268307731,1.169720396935429,1.2482687414889595,1.7859919748478603,1.163530830232985,1.1922567813143516,1.577916421038496,1.590654138002865,1.356933636141283,1.5058122545592207,1.3861252524161494,1.1481251600087887,1.5946733111820497,1.1894769952624462,1.284769508246064,1.1571851151616763,1.1431351653534765
58,4filter_1,,False,False,glass_blur_3,1.8800912420381863,1.7039879417249546,1.3644492911383548,1.4827707834307884,1.3281196398703643,1.6087072815499694,1.6032448616886636,1.7040405738929705,1.440193045126736,1.5281526841147373,2.208322816537105,1.5783421482698854,1.6985239197849382,1.7659514091268254,1.8790909880854696,1.363717542920661,1.4575504419709813,1.3255997937724475,1.3596667927021606,1.5777427058869768,1.3770882101048978,1.422059749693348,1.5259629131144024,1.7381448368829655,1.3297341174057735,1.4588342824028435,1.7646310768312157,1.653939191265442,1.7459051720309833,1.6371220004548908,1.423514472295761,1.9023286732504607,1.5602674303670667,1.532160021250674,2.082700495171548,1.5734903031048686,1.4474611324438935,1.784294592363063,1.639778185627048,1.3832691263516914,1.805994820696328,1.7341102362120546,1.503825371102537,1.6612700313719682,1.5152880235979636,1.5239234410649585,1.5594540217299688,1.4927309367579
59,4filter_1,,False,False,glass_blur_4,1.9154157605499755,1.8513443186576612,1.143948039268725,1.3953343176503747,1.5413125328985249,1.9051083207900783,1.6215455047240572,2.015454707442832,1.8055584951942705,1.5316131660953682,1.9107676128928428,1.8820452445133784,1.6306274735806603,1.735294252238526,1.8761410891737929,1.6870558785154344,1.7088747800435693,1.4104610796576091,1.579775498063254,1.6590320875665732,1.4334284563764306,1.6188865507694248,1.919829868361082,1.3152221992052897,1.5409526640997668,1.6550910733734665,1.3726323955947397,1.4044341120081896,1.6117658498894778,1.7575521112820882,1.4907564373967657,1.6576221081466755,1.617469593133443,1.6676002580059155,1.6193867653249203,1.6801331106589237,1.4750070987686297,1.860903516396732,1.6592269593880025,1.7397094396059616,1.8665261234733663,1.6917688308182055,1.5645233251788424,1.880468456121351,1.5914592289301466,1.610794418593631,1.6945860403931736,1.6373880533727694
60,4filter_1,,False,False,glass_blur_5,1.5358003242956155,1.4678546326257136,1.3413259794239931,1.6850852590264145,1.970436519429219,1.829641002558447,1.6987831268139904,1.4686338604857403,1.405689544709122,1.5005514260685913,1.79649397689987,1.5031256187558253,1.5318519180666923,1.7377086043359231,1.5821502390139597,2.010145052244042,1.9909014897511823,1.7548274442403244,1.9730505265746612,1.9778812915143509,1.6013138819370882,1.767885135821866,1.853202306793446,1.468382281587936,1.4743355519642878,1.6618330134286723,1.3727668412308844,1.5953114404296946,1.9650411526879183,1.521379102522976,1.636360298390483,1.909150358932291,1.46747631567487,1.649634194998116,1.7511976807096763,1.5490931669204038,1.3697882551152345,1.745691498846208,1.5282133066020016,1.5375914772184192,1.7988247390768577,1.547671967969868,1.4451543611721702,1.366663964001152,1.3365965785987004,1.48180196686581,1.4510255568796089,1.547076270017094
61,4filter_1,,False,False,zoom_blur_1,1.9802264177496325,1.4094109656523146,1.398479610716946,1.6542607955866062,1.2208017249288472,1.2372790914234613,1.1312050091862669,1.5262633608186815,1.6082248513431694,1.6787345051635112,2.3929313994526167,1.604672546192187,1.058358769712549,1.674414517851298,1.140427002274533,2.000971626201068,2.180841478975117,1.6974882648198664,2.0333480878471737,2.2175033915363107,1.3855613526678003,1.6845202030677653,2.092484029050946,1.1286427151581306,1.3705103977962567,2.1253634732235884,0.9437524770164604,0.985616135012386,2.086639694127914,1.0032255871687543,0.787204203206065,1.9739564068656643,1.3082652525629286,1.1959157529649866,1.9015469864137071,1.450068492897006,1.1641942535014556,1.4467070831032205,1.4873166888245013,1.213104816117343,1.4328336089715803,1.431266624093496,1.2708187752736235,1.0588083626594418,1.4008601250027617,1.2446921550561048,0.8480055175193983,1.282843879990736
62,4filter_1,,False,False,zoom_blur_2,2.3326839263326886,1.517122568417694,1.5798209306770228,1.1195211104034195,1.344419699887877,1.1284543716051505,1.1478486906245111,1.6963786180097251,1.4459487913256135,1.5703511912950106,2.4513679382776297,1.5491784049402868,1.2865104652573884,1.899068906372792,1.1681356715601647,1.8952085717904883,1.922227855680376,1.5431976496471886,1.948453246676446,2.124268283001764,1.1095533473727803,1.8729368687922976,2.317826634539345,1.4211790870409673,1.7412158142533032,2.3201373514431203,1.4002224171466076,1.2886983125812144,2.232650820085381,1.2551386037752923,0.964016985795341,2.2859683074802466,1.3924099993618668,1.4633259833709351,1.8639672584884248,1.4992805691714015,1.3845377846720617,1.6174337660878984,1.7419400320500489,1.2902306441640354,1.5544559145463026,1.8174428784790069,1.4923091617963362,1.2485123877617248,1.750798493617726,1.4859160143226051,1.340690475705604,1.9478126294231604
63,4filter_1,,False,False,zoom_blur_3,2.433322193855396,1.1144331506352616,1.165621188051965,1.5206702808363015,1.7485261143523063,1.6493596653015548,1.323419026851619,1.943675406923833,1.325003994383428,1.8037141089512256,2.578949935242693,1.322544411649769,1.2071607923880736,2.01286426824752,1.3017986540123965,1.7465493400936531,1.7675963039188598,1.4533194016798467,1.894733971049389,2.020432065879385,1.3972166444801437,1.683701485785287,2.329030259871379,0.8639414569090932,1.82907080138067,2.307701657839384,0.8455894392980584,1.310225368007215,2.4061036491293923,1.171452459455972,0.827020320082477,2.453149584321065,0.8412569661116753,0.9716714274955718,2.212347351354325,1.2124075674585029,1.082031516978562,1.8440268583241344,1.2812262401071737,1.5472028843354575,1.604785100277322,1.3903475579328235,1.2887187160262874,1.3213228369494896,1.3260404969903434,1.514948142796012,1.379753023286008,1.1161474035328445
64,4filter_1,,False,False,zoom_blur_4,2.234046106047509,1.469565303457498,1.3919616159589887,1.752632067460972,1.9714893624736245,1.6778310344397338,1.280409526601587,1.9056629748445832,1.2817092766869609,1.684761595876221,2.418975959271274,1.2358649106596933,1.378599646877448,1.9279967774005728,1.4473916176639172,1.7602587521009108,1.8200797837995384,1.381893692095736,1.7359816991320396,1.8369587542752053,0.8784579730737672,1.8442348648252604,2.022951735219426,1.0197064108271352,1.3814977955338976,1.6915546681518845,1.2258961892172686,1.132282888674654,2.197043709099123,1.1410727537922658,1.3140313995776818,2.075302838571204,1.2902710144554128,1.220319366640495,1.7021196564372578,1.4012247679953966,1.4096862684843112,1.7038643324703586,1.4935293291586924,1.1563384156816037,1.2822188270344128,1.05654363060707,1.3413892643375778,1.1653266752746605,1.2379398231885412,1.5679773655944929,1.3603442889830906,1.07488325934478
65,4filter_1,,False,False,zoom_blur_5,2.332654102237561,1.5436040616115445,0.973961502592144,1.8498267777559425,2.050838486648866,1.9630649336849668,1.361695157155109,2.2072167851157047,0.9355836514715864,1.6313865558328526,1.9248775424448556,0.8978972076298932,1.4843247036989389,2.317340730975373,1.3345619702562144,1.9362746099091892,1.9328585943142225,1.617043402719965,1.9660222854604057,2.0075840626314867,1.6681850386557482,1.7812341953033837,1.9882920624855904,1.4796530472971086,1.871111690069126,1.9913723082046857,1.3919493810111572,1.429757990970879,2.2768277301142303,0.912513563708034,1.351349584959782,2.076586631738908,0.9820766849714558,1.0907089737971782,2.0877232230876603,0.9357047623430168,1.0446962196227771,1.9829596582464464,1.160483013436792,1.1859965273474098,1.6750223983909271,1.1337348181438138,1.315212116019365,1.273244500678363,1.1274777017179032,1.0212702140732817,1.198200839826595,0.8217847414013874
66,4filter_1,,False,False,jpeg_compression_1,1.9360302399028688,1.420924906849481,0.9657058033703486,1.784420851157456,1.2668640933677082,1.4252249909555783,1.5378442778600556,1.6686489438793408,0.9703352136151052,1.4548605975105462,1.6611002241935895,1.2727497616611596,1.2347133088124498,1.641486413300766,1.4609511946994889,1.761371987879557,1.7864855188204452,1.659089775591857,1.7078369380883212,1.9335560670679184,1.261385926272493,2.008440897352913,2.2737341483492544,1.442906864280069,1.884112721902604,2.388542045444772,0.9814265119960576,1.2273275868278004,1.943421659830703,0.9731774585624458,1.4368263598364182,1.9732053187830945,0.8452018599617228,1.2109465139129554,1.899190971239684,1.4122567296802069,0.9550029936237838,1.577930928333221,1.2527024038776986,1.0362164641023042,1.3849013919835007,1.3219790116111196,0.934802379039856,1.0438924320902772,1.248856401928583,0.9657069333702244,0.8839825514953369,1.4102091722323
67,4filter_1,,False,False,jpeg_compression_2,1.8789123277324031,1.4502746102651445,1.0553261285761006,1.7237651411148631,1.7746124520320192,1.493664227189773,1.301100028971075,1.649423478372681,1.095990335018577,1.57020187087221,1.7164308626370028,1.2469154268881588,1.2518194283071316,1.7841048573698777,1.253365938878237,2.296923561272622,2.5078990548985987,1.5372809044804558,1.9396044176621363,2.1733000520073915,1.5787526572790893,1.5199617019759326,1.8658373794683552,1.3298770956992896,1.3485168222884834,1.8585433169096937,1.3165741891849163,0.9600423594012064,1.8479808972668323,1.0066451219295034,0.8562050630383473,1.8119805321381848,1.1335454316318645,1.0370915545858614,1.624107504609189,1.45880836919777,1.296907485752507,1.4598893076683788,1.481712011471591,1.2765653262045615,1.4549112819333172,1.168355767495121,0.8678233402263156,0.978787550533068,1.0834886694463903,0.9211726607944806,0.8721168301784973,1.093580154541809
68,4filter_1,,False,False,jpeg_compression_3,1.9190117236618531,1.2028868968120934,1.0137382371467518,1.695109752417968,1.8148288850904937,1.15182145853525,1.147843572095204,1.6355642720157688,1.2760333329543212,1.3151969706749709,1.551831511144429,1.1836278064122738,1.0822924647273486,1.6984963753774311,1.215494985884223,1.950065030516516,2.019886530653021,1.610746343373568,1.8694947789181044,2.019040586139615,1.5645684072097903,1.6900316162487237,2.110806834496846,1.4518554119655338,1.7469351253878902,1.8405734739280992,1.4273914516565478,1.3236031677364248,1.5217664327583988,1.1429460255804462,1.1914337346266004,1.4887844564834214,1.4778437176644756,1.0791152062408425,1.6300049952828448,1.1740479924735323,1.4188408169828632,1.53616306910471,1.132020917662217,0.9379566630912396,1.249684472300381,1.0117910026945829,1.0423080114080197,1.0346250272941724,1.004416322586498,1.020970374923878,1.0398647224080155,1.057994038024132
69,4filter_1,,False,False,jpeg_compression_4,1.46857429121091,1.7586191457956468,1.2812870424941514,1.6462847044833009,1.4893773762211473,1.1482482122199045,1.3794433065660154,1.402810354459772,1.2340637406174737,0.9400601395045004,1.5435837032156468,1.0616605414033264,1.0623050788319777,1.6484867042038758,1.4885764503050447,2.090680081247399,2.103247475962632,1.6738350024140287,1.93379744993412,2.001037160857809,1.4834461820077576,1.89876398035627,2.0519711011345376,1.1049288389426313,1.961367350877324,1.994355260248192,1.126838494492213,1.3992356390829304,1.7130882126624647,0.9933797557578948,1.1444113735499697,1.5443800047454666,1.078297115228466,0.8893181402792198,1.415924718073503,1.386846874681128,1.2714158804342988,1.4029225436838673,1.213546169897554,1.1114266915360342,1.3239360673475564,1.2619563324728678,1.1202586885754826,1.0054885712211965,1.1920820747311562,1.448843726918348,1.636062459352581,1.1543746679282
70,4filter_1,,False,False,jpeg_compression_5,1.9287821196776045,1.84510360746765,0.9037923667199586,1.6437329719744227,1.75839924786254,1.6579279410850607,1.673323021246349,1.8467672807817164,1.2187327199936884,0.8398621179818722,1.779212627447562,1.5065472584238289,1.7676847076594069,1.3755156526502086,1.689955176417459,1.8236491813067703,1.7524119516043044,1.9743235890010784,1.8320617847106049,1.7841175097223938,1.832893194350308,1.8198159241306535,1.873208750122219,1.893136867806028,1.67519933945813,2.0400808503748373,1.6019760102866891,1.7741751093122835,1.9575128324040587,1.4396831139640418,1.6203950794302835,1.9606278400924435,1.3243792709813014,1.2518545805399113,1.867198433538448,1.3760736055238594,1.1564710344975262,1.8215329187327,1.3483556493827984,1.490233043632118,1.486019513537428,1.5319543532194957,1.6649535435376677,1.8832187268959792,1.5969439003947798,1.6508946703760925,1.7303627531409247,1.6760386789597694
71,4filter_1,,False,False,speckle_noise_1,1.2824605060424032,1.0043177570816493,0.8334732956434334,1.2748631193355178,1.230813410195146,0.8838941529021247,0.9998428441813382,1.247747247104793,0.9817213701096376,1.3966030637545537,1.4947483995728466,1.1842014699026642,1.4476812344434071,1.538856867908669,1.295876035621025,1.4995134589243968,1.5312220165926578,1.0962623546910797,1.4397956743143736,1.503473176408075,0.9782040828706016,1.2039796924307742,1.5033461939431831,1.037627711291267,1.2611180663604258,1.370969239736873,1.1485565463751253,0.9482503061575812,1.1813033557804322,1.1988286692361148,1.04656608208904,1.4424616472184113,0.8307780437712142,1.248301243100168,1.4127306052236257,0.6955591942609535,0.9666628013969,1.146275317782196,0.9586372180030778,0.9899960383834986,0.7246838431112741,1.0475594135198452,0.8405750806791213,1.0186581468694005,1.0026082049366885,0.9886252172103124,1.2562787200046677,0.9207441634501924
72,4filter_1,,False,False,speckle_noise_2,1.375846007349348,0.9850827218899234,0.9673713256429368,1.9236343912623448,1.549117068463547,1.5580111810796171,1.7507507063243195,1.1181612081529249,1.231781568802968,1.226335527155078,1.721420262637216,0.9846029143100952,1.2147802489088382,1.8459051785221063,1.1892900083868283,1.4528226520119325,1.6371167459212588,1.5609408520987378,1.633021026554021,1.801640178597001,1.2547132722693282,1.3342956331976192,1.606104753674913,1.0401775206710864,1.6211951334785983,1.894178273450792,0.8976486916651443,1.5580617495634437,1.4497689577634087,1.1510484736547593,0.9938756499360524,1.4471447844508525,1.1010817013525878,1.125940174634931,1.3324029961147987,1.3097063857691658,1.087416265235328,1.5040536492821732,1.177173170460324,0.8836007880801903,1.2475430614121934,1.0606578762754424,1.0693271439552667,1.0986430993413003,1.2221965786525624,1.0281063846471703,1.0809024864182006,1.0985193866358562
73,4filter_1,,False,False,speckle_noise_3,2.01908966886298,1.831306389489976,1.285465227806902,2.148291406241445,2.3213799090495484,1.7847312814820009,1.6750102329472152,1.940365150852046,1.7121395620792816,1.5093726969587251,1.972987239647734,1.7713351165651574,1.785593560581007,1.937186552227924,1.90761923154056,2.079808498045558,2.217472015000197,1.9425787528569145,1.9247408798777277,2.014001305253151,1.7148186420317566,1.8660812202653263,1.9695397671996224,1.8050615560715637,1.928558170752884,2.1034472635851467,1.9430366245312471,1.930922932085768,2.038085086440933,1.7660816409544446,1.97254830026352,1.9836500826679515,1.74077724687522,2.1101573817849224,1.9981042635253785,1.700992267581965,1.843817718905133,2.040448707392357,1.6571500660563407,1.907218712281393,1.9302593852123149,1.764062039171478,1.8435016550167551,2.005860018624944,1.8576917947082436,1.6955578001300986,1.7859679300919984,1.609473757020234
74,4filter_1,,False,False,speckle_noise_4,1.296094919910478,1.2382910275761905,1.17959808051223,1.2806242369549472,1.5557809538303244,1.462413932184941,1.3972656125468956,1.2786185819572071,1.1839847548323772,1.1271562058468092,1.6353946030570952,1.1589666119723756,1.2170157192865485,1.5027099186885342,1.289455993222399,1.4879617908440337,1.5563326833486757,1.5770442216289433,1.543205617693758,1.6527818506640126,1.601774947592339,1.526867584800087,1.6251976600749285,1.4795030763936183,1.755858403427733,1.873031302034066,1.5731823204190918,1.5186780823501127,1.5579315511738925,1.591560331954758,1.3759210271279632,1.4246078893473892,1.5429538940964402,1.4378736931682368,1.5043205810477258,1.4956869721604698,1.4596484187789742,1.5299595842038514,1.5385586337697377,1.4969462478728826,1.4484850695834532,1.4534334398902091,1.515055291999476,1.4647287855956703,1.3623522266534518,1.3420165292972643,1.3615445276331124,1.3964785457721085
75,4filter_1,,False,False,speckle_noise_5,2.188567073060768,2.111891090882158,1.5366769065159234,2.0508713950806,1.8804323189176668,2.065474766304095,2.085822985853181,2.158180289655351,2.032511739284597,2.0805336295114087,2.113770299546616,2.0545306501203564,2.162869719950433,2.105057209064183,2.1249320702076293,1.6359960794587138,1.6616812624022026,1.8343399102917397,1.7072456704052166,1.7542468004866585,1.8167224026464968,1.8385310958035064,1.901153362328182,1.8119418781175192,1.8480895708540563,1.949664079590696,1.914297176655945,1.8678974209290056,1.931195994394288,1.9780069211659657,1.790496409315525,1.8354637152367137,2.0306739427773546,1.8700045110304848,1.9183480231147811,2.058205798698679,1.9371438208841372,1.964501492163824,2.004902523590105,1.9243808450623137,2.081466169935411,2.174604106790404,2.031522943086729,2.112933079575836,2.030042324011225,1.9466779717488616,1.9150782227088132,2.103150214166707
