Trainer,Calib,Train,Valid,Domain,Uncalibrated,TS Source,TS Oracle,HB,Isotonic,Beta abm,Beta am,Beta ab,TS,Cluster NN,Cluster LR,Cluster Ensem,CaliGen 0,CaliGen TS 0,CaliGen Ensem 0,CaliGen 0.1,CaliGen TS 0.1,CaliGen Ensem 0.1,CaliGen 0.2,CaliGen TS 0.2,CaliGen Ensem 0.2,CaliGen 0.3,CaliGen TS 0.3,CaliGen Ensem 0.3,CaliGen 0.4,CaliGen TS 0.4,CaliGen Ensem 0.4,CaliGen 0.5,CaliGen TS 0.5,CaliGen Ensem 0.5,CaliGen 0.6,CaliGen TS 0.6,CaliGen Ensem 0.6,CaliGen 0.7,CaliGen TS 0.7,CaliGen Ensem 0.7,CaliGen 0.8,CaliGen TS 0.8,CaliGen Ensem 0.8,CaliGen 0.9,CaliGen TS 0.9,CaliGen Ensem 0.9,CaliGen 1.0,CaliGen TS 1.0,CaliGen Ensem 1.0
Art,Product_RealWorld,True,False,Art,0.15226689085621303,0.2420064583149384,0.13160948409537207,7.76979337110468,9.740975108286547,0.24671381931993402,0.23509080333003377,0.31854628219104686,0.3317301569978337,0.3050292196209046,0.29780103510531325,0.30586689214819013,0.825081723834481,0.7963757201843975,0.40077589385459733,0.7708893058849964,0.6400545978632473,0.4155470257210595,0.7885983572384808,0.561855091492335,0.4381671972842601,0.8161385142873974,0.5005364482961194,0.4599270862316581,0.8337364974109456,0.45848314484184155,0.4745614665189716,0.8723347423987462,0.4498332769607439,0.49403317488380105,0.9245214289553465,0.4813966001770414,0.5168407190708517,0.9535069682486356,0.5413827969820996,0.530621192168995,1.011424654723331,0.6490267355981283,0.5529192371000671,1.0562278930854052,0.7716210201052484,0.570300727259372,1.1033980537962167,0.9662736779762431,0.5889537145330449
Art,Product_RealWorld,False,False,Clipart,3.1530455381825737,2.7712754559656716,2.6715621901325557,7.83709667657043,5.438013815435083,2.607805156359971,2.597668180815537,2.764448667007595,2.692492336435375,2.6868493789231,2.699185996027161,2.6876544873016663,2.541373945633718,3.0897537924048355,2.3408238071751244,2.382053553641681,3.025593890411867,2.347765256757182,2.3272781087678855,2.9409834818906786,2.365213295294015,2.314837961219065,2.8756913133354876,2.3905039175828344,2.341469449189119,2.8275533815095715,2.4244292052666014,2.3719279938092455,2.750744941167373,2.4551057961913236,2.4264724952172485,2.678637289627882,2.4930901623449837,2.4701963379446417,2.613953802200302,2.523188270995771,2.5378409725818782,2.608109309102758,2.561840956640126,2.6202019756913186,2.6501182904961054,2.6068160621248753,2.7418429999914027,2.7525561835151167,2.6691643673312155
Art,Product_RealWorld,False,True,Product,2.7865758211373968,2.4721717333486835,2.4140117579758558,6.851414246058518,3.931887614965368,2.1631963840317736,2.168450905976302,2.3474266401190578,2.419132890219374,2.40063215526412,2.399289934719005,2.40042202708029,1.1554158937198635,1.27975932456892,1.4243039896284662,1.2038046274032912,1.325164322652769,1.564142244128409,1.2813433317356278,1.3618725183429885,1.6683218261280934,1.3739986814039757,1.4172394733213358,1.7571020285065255,1.4728597637858243,1.4706543493399988,1.838754423200133,1.5848243983188646,1.5363989743551225,1.9171359889884585,1.7175862791270018,1.6456517302064078,2.0006596123083433,1.8608187462005765,1.7839888690872236,2.0844964656764393,2.024088548568636,1.9525426097595595,2.1735926333208306,2.2161094173606486,2.1730408719443717,2.2748684071382637,2.464046295547858,2.457669393553771,2.4010576940010497
Art,Product_RealWorld,False,True,RealWorld,2.1585968749678637,1.9526619958607907,1.9380266462145541,7.357550155747184,3.8639438369066292,1.7697451148652887,1.7679063389341132,1.8671762950850255,1.9399436390077676,1.9266241078246922,1.9266156824980167,1.9249695166284155,1.2950779470397507,1.4336602632063375,1.3567864172830166,1.2927115885043983,1.4270509415255503,1.4352909069318456,1.3386107934151776,1.439001078715872,1.5028579265235618,1.3897262023293413,1.4437630670751016,1.5566585114136986,1.4521526162697003,1.457311631075079,1.6085887211039966,1.522496952128783,1.4795078962529808,1.65865145329115,1.6172073369614783,1.5318785409097777,1.7167115122650631,1.6928776073649523,1.5866325589854968,1.7616636233979481,1.7998546618543565,1.691363413579343,1.819134802096831,1.9232355836790052,1.8380125735406765,1.8832633911337602,2.0756391039680686,2.0392704801961785,1.959835339030855
Art,Clipart_RealWorld,True,False,Art,0.15226689085621303,0.2420064583149384,0.13160948409537207,7.116951714075226,9.35215243606349,0.2766434215408566,0.26451407640994684,0.3075806618147364,0.37710134356633174,0.33695422280854814,0.3246916407755341,0.3333888580899007,0.827087054010434,0.7716242006488686,0.42774634080901003,0.793617779938737,0.6302955867962324,0.4475795505991962,0.8079467395849524,0.5615973643616877,0.47214472393686435,0.8279315770460294,0.5132901624206243,0.49143695022398803,0.8746980535773561,0.48089075189067626,0.5185490833486902,0.9149013691417872,0.4819895263234314,0.5411735481347363,0.9517553064350037,0.5136109292809735,0.5615890468177065,1.0212618620723484,0.5898928228199016,0.5911769122743598,1.0473425660297273,0.6941069709133356,0.6052184886611798,1.08841721040532,0.8215857634264975,0.6235086579908812,1.1269052263222634,0.9747435905583203,0.6399633651932872
Art,Clipart_RealWorld,False,True,Clipart,3.1530455381825737,2.7712754559656716,2.6715621901325557,7.275688104419373,4.176786087155834,2.4337974980343478,2.4442439642713234,2.5944254692186566,2.6782238301108423,2.66549279147496,2.6535561103710332,2.658330894172609,1.5977229557834332,1.7692091935116583,1.8265913809316519,1.6308120363232217,1.761567443343295,1.9333932818488049,1.699641842656769,1.8020470521459093,2.0256354621528785,1.7779833187062295,1.83016149100694,2.1010623392418704,1.8749509998913851,1.8785913004329688,2.176316617073941,1.9782347346793858,1.9258502724834308,2.2468416427500824,2.0910831551034006,2.010899285029387,2.319729886817742,2.228603295338154,2.1298101287597317,2.397078432087084,2.3536383272029457,2.2912786138915924,2.469413654141711,2.5389821899816396,2.5005253884620964,2.5671476125738084,2.7178769495405257,2.703488053206727,2.6586936385536837
Art,Clipart_RealWorld,False,False,Product,2.7865758211373968,2.4721717333486835,2.4140117579758558,7.413789107009391,4.013438757952144,2.25689719789081,2.243011712995496,2.400539172923099,2.4140447702311794,2.398146824131898,2.3938523911371394,2.393791947104446,1.9400439734564627,2.2996270229913,1.901914918643395,1.9102077129065989,2.263390636240473,1.971004259448756,1.8900492046298456,2.2220399375028825,2.0052397997457883,1.918134565936774,2.1902205842627054,2.0486089887288523,1.962605894110352,2.1677671901835813,2.094344402682002,2.0310564894553274,2.1605588384308647,2.1458759169327957,2.090075978653505,2.1349177226316014,2.189310223664182,2.1643407632172105,2.145164583599451,2.2352859679775814,2.2582469103392215,2.225262960761273,2.288948080606748,2.377786997161061,2.3432102331317024,2.3533214136348315,2.514750722324476,2.4957900558443744,2.4230363465335283
Art,Clipart_RealWorld,False,True,RealWorld,2.1585968749678637,1.9526619958607907,1.9380266462145541,7.542009167686649,3.7853648228792656,1.8170740557401537,1.8016005254449232,1.897461153117041,1.9492700421820672,1.9283907604862016,1.9359601931026063,1.9279445511914548,1.36615947266944,1.5072781875656187,1.4151653620082096,1.3744111339568161,1.4768307056652867,1.4883301054360247,1.4048124199450016,1.476220732959609,1.544985587281109,1.447976050601341,1.4772768554507159,1.5914161845603851,1.5171398374099283,1.4884324293262028,1.645857182972049,1.5958403188398107,1.5271083086727377,1.700711530103262,1.6641573860634118,1.551754176404758,1.7475188699537885,1.761673874555156,1.6246830664694425,1.8026561392940632,1.8427741411190481,1.723565806490695,1.848972749006343,1.9614930681612344,1.8687692571722903,1.911627103427372,2.0909739711545408,2.0409287628360095,1.9766900994071617
Art,Clipart_Product,True,False,Art,0.15226689085621303,0.2420064583149384,0.13160948409537207,10.26085302734584,12.720030286839346,0.3051951540885096,0.2919215308011277,0.4554657410863145,0.4144904660641294,0.39163205650270566,0.41127625312200156,0.4016784304230604,0.957703630991839,0.8907158031564432,0.5013875718322438,0.9681988584117965,0.7781662500045503,0.539337870550135,0.9771747449601069,0.6741378169010808,0.5636558849608002,1.0132717910204083,0.6058683848554108,0.5889944320948353,1.051482352599129,0.5477159645576568,0.6136287395686566,1.128512164350599,0.5976503084980097,0.6463958408120499,1.1891875148952007,0.6303789021157893,0.6728977104459193,1.2622000463701784,0.7181081822649344,0.7037286062045582,1.3331033914849164,0.8861405927021988,0.7313562683301301,1.3944147277407346,1.052754751556553,0.7572398605971927,1.4562590189583597,1.2823686505019665,0.7800033980387691
Art,Clipart_Product,False,True,Clipart,3.1530455381825737,2.7712754559656716,2.6715621901325557,7.413206205772349,4.1499359422654,2.420481953153678,2.4274321547393,2.5855686185410005,2.6728972413685117,2.6669910954150553,2.671046285666543,2.6672500800530523,1.6097862109402894,1.780286502942022,1.8271791104287107,1.6478226956694386,1.7909557575256905,1.9396841222274552,1.7208634874423965,1.8222794509336346,2.0354663870276526,1.7956299936864522,1.8477265138025367,2.1084324510427614,1.8960512748386713,1.888813586224672,2.1869603488754756,2.0027924748152497,1.9600301850541086,2.259290507869385,2.1213195201762023,2.0410430935702406,2.3326601462380925,2.259917304250598,2.1606320461632214,2.4128655016624263,2.401504499706626,2.3185557447335685,2.4909482030812513,2.5716254750140015,2.5172084545752034,2.580860827744034,2.770212042097748,2.7507668292656544,2.6809674866328175
Art,Clipart_Product,False,True,Product,2.7865758211373968,2.4721717333486835,2.4140117579758558,6.851922781031601,4.146560731336148,2.1909920046810307,2.177028245845697,2.3460024086851203,2.4152612422943838,2.4033550762782956,2.4047979918754434,2.404416090325064,1.2715899984353338,1.4035058145175947,1.506981159215508,1.3184836119063197,1.4202760622168942,1.6248655856594492,1.3897326976723037,1.4375473087386073,1.723602772652362,1.472981925122626,1.4661091628723502,1.8092519504636964,1.5766640828989447,1.5093357010558144,1.8935685819629295,1.6965960409760477,1.590579697901147,1.974931428286481,1.8119205130424347,1.6668030547221189,2.0471796618877622,1.961129831258953,1.803165296299057,2.1343695378247682,2.121044898444414,1.9952598151552023,2.2215666840634216,2.308609657174349,2.222822234355845,2.319684879619701,2.5272611423388125,2.494045957174897,2.4294583491706825
Art,Clipart_Product,False,False,RealWorld,2.1585968749678637,1.9526619958607907,1.9380266462145541,8.441155371868108,4.969252057319997,1.871490295980557,1.859049960674318,1.9512106414056778,1.9608044441866679,1.9515232549281332,1.9618063351259458,1.9545376383677358,1.5625243525532306,1.7621549908110468,1.5204548691998043,1.5513395877233704,1.7144205743494052,1.5808382835030672,1.5896055576048789,1.7106877545947292,1.6428509116673482,1.6313634481411428,1.6910577411168481,1.689704021851032,1.6857963519964365,1.663379399009811,1.7369450165336737,1.766898670492321,1.6884491250700873,1.788104965832091,1.8412122966505584,1.70173753072453,1.8339015306808466,1.9342599475212396,1.7513756825503664,1.8858047714640211,2.0200760833993554,1.8460793544487095,1.930948607608866,2.1448965999446807,2.0102156351471323,1.994294106220525,2.268951895545423,2.199912305149436,2.0540757943638477
Clipart,Product_RealWorld,False,False,Art,4.711752843815391,3.2208641064069594,3.105774707474861,7.2459192466085245,5.85179063834531,3.1801112894426384,3.1631378528056997,3.4185315163351966,3.1420591023380102,3.144835495260595,3.138701736096488,3.1383711705029986,3.1080414808099506,3.785201767339975,2.89641463733374,3.037814416005742,3.7677144575773776,2.9025641441893035,2.900684231561702,3.4959375918379947,2.888447510044597,2.89045442340225,3.4781624304493812,2.9012703111479174,2.915275311834924,3.44195569011506,2.9330068739618884,2.9173842997847124,3.2910029485246426,2.9471806223810932,2.9500119804885236,3.212902254650558,2.9755172964173724,2.971361481707543,3.127470471148222,2.9949925168014073,3.0063477087642996,3.089678182886087,3.0197618779360744,3.050363223724813,3.082731718125078,3.046810088304759,3.1165935553628956,3.1289246497990097,3.0834075335670463
Clipart,Product_RealWorld,True,False,Clipart,0.01992720634652045,0.06308547050138913,0.019794149305724908,2.570467391541706,13.463117844255928,0.09091249506182006,0.07320235286647224,0.05629271522909783,0.1035590281591037,0.10709405378011878,0.1040233294569894,0.10222821872322012,0.558509587422948,0.3934977419967754,0.17276267874337975,0.48674784708465746,0.2879348070091811,0.16451589491184476,0.5791430530879065,0.24189375800362897,0.19832360165559634,0.5275381836284941,0.19715309476983484,0.19065483717514506,0.5168426370987669,0.16073401111777333,0.19324851725716474,0.5584282401195959,0.16722247980294933,0.20550094687318005,0.5823452534785727,0.18882662801338063,0.21455434056942538,0.6150925323889125,0.22801244049145458,0.2244651975500644,0.6393808072476648,0.27617463932453173,0.23242947916922857,0.6561731388763525,0.3618481109111104,0.2381302196228791,0.6773164995667059,0.4884052832159913,0.24468228118622667
Clipart,Product_RealWorld,False,True,Product,3.430570051104803,2.417122481014928,2.3934750962999365,6.474853958523165,4.219342737312229,2.296988885188498,2.295998975287943,2.440980801369874,2.3934004580186117,2.3879018382522372,2.384120207970798,2.3848565469625194,1.5180866099312493,1.6627319979631128,1.7007028514991394,1.5149749622240893,1.6454553131124858,1.7486264247643746,1.6308211149326062,1.667756341760094,1.8703513046199913,1.656301018824242,1.6814010719775592,1.904725427641953,1.7345450680358332,1.7184985844675098,1.96991970752758,1.8193142627965657,1.745205180232168,2.0263532241120403,1.9179735744385045,1.8084289134179017,2.090803702948155,2.024605117223598,1.9042816433077707,2.1533462433299038,2.156782598200627,2.0433388711259,2.2263738353429217,2.2920836307538677,2.2065640055267375,2.2983879580344637,2.4568098515200427,2.4110376759470205,2.382497486709403
Clipart,Product_RealWorld,False,True,RealWorld,3.3876936946014538,2.401940532133876,2.381429673081702,7.260410104049784,3.9597046853076066,2.3382478199814765,2.3257205251611586,2.4439316918098943,2.3813561685021503,2.372188927385807,2.3760671668585616,2.3730260647156856,1.8312475947732338,2.0332082816370103,1.8794940594389284,1.812973755375785,2.0091054390106873,1.9130693487804844,1.8803812872125298,1.9713433630703476,1.9986503805025078,1.8927329169315286,1.9786420629233306,2.023807446793043,1.9415189520140177,1.9780974930665078,2.069125686137337,2.0137090133274897,1.9809368552275444,2.117510248805955,2.0842463499446398,2.010611768556809,2.1649377768717835,2.1629424546958873,2.062085260074874,2.212118106497725,2.2463265264970254,2.135560378143989,2.260351129429173,2.344565388262645,2.256031977815659,2.313631298545612,2.4682581438021733,2.416927549368004,2.377787916884007
Clipart,Art_RealWorld,False,True,Art,4.711752843815391,3.2208641064069594,3.105774707474861,7.366409119810292,4.984077780580489,3.024588769431781,3.0242688271451734,3.256855897212945,3.1156404945277525,3.106991574659406,3.0925728538408253,3.100599217327824,2.652357597908366,3.1708212252081944,2.645188586600168,2.6024783075370825,3.1201847095105895,2.6790238462667104,2.6135306981438307,3.1033923647415427,2.724507879942118,2.6490489954023624,3.064393302567189,2.7719266118247368,2.6971962340779605,3.0054897041531543,2.8136789572830567,2.746761922403797,2.928410742382111,2.8533499763368395,2.809963025346026,2.9056031034952405,2.8950910774827823,2.8948462970040736,2.917949657270859,2.9453713671615596,2.958615931888297,2.9414573770433257,2.982911007466344,3.0459790729500353,3.0201492421818896,3.031481158366783,3.1639529565434907,3.141935556894355,3.0916562500030915
Clipart,Art_RealWorld,True,False,Clipart,0.01992720634652045,0.06308547050138913,0.019794149305724908,3.4287209556671883,15.840999874452447,0.13751746131154371,0.10265438975875321,0.06356106252050656,0.14409822146911028,0.12966575917238035,0.0965236986641068,0.11744345644471381,0.7935879594152765,0.6742492276497976,0.2587399104091881,0.7338288129578461,0.4941574395652998,0.2593352544759702,0.7210802489748922,0.375816368250065,0.267491205299787,0.7383088220025879,0.31832029386076355,0.28144411822699816,0.7756684293759056,0.290605839702727,0.2979577628535487,0.8276825490027665,0.2864691807228083,0.3162932245890717,0.8624930227273145,0.30745019547177355,0.32924326340707194,0.9185828369066119,0.3626949776579273,0.345509331385811,0.9417121361701748,0.44927434497637303,0.35442598693754856,0.9902110163602046,0.5963649874873924,0.36918972971755903,1.0066811240818354,0.739395381379663,0.37561064449664494
Clipart,Art_RealWorld,False,False,Product,3.430570051104803,2.417122481014928,2.3934750962999365,7.841043775817544,5.18175252436639,2.3922719514779525,2.3824213256164866,2.506331646818016,2.400900664620094,2.398265925076437,2.3967231827882522,2.3935458303541677,2.2973404705786207,2.764800478571871,2.1160003647656738,2.2115239965173883,2.6504705072437256,2.1272634433418576,2.2309118364984637,2.6444321500689263,2.1729083671799994,2.240591233973438,2.5768237223050416,2.2051976327023572,2.276448156010918,2.4968176997015674,2.2412371604875836,2.312315917196125,2.4223075316749587,2.2722053021378934,2.3790762975821274,2.395427792693313,2.315485407957825,2.43103791594319,2.3661614052465403,2.348052763606856,2.486336675778776,2.381607627291983,2.3805502079633114,2.573907213702053,2.476187280390691,2.426081766048202,2.6622655157305295,2.5849135843799447,2.4701151465006554
Clipart,Art_RealWorld,False,True,RealWorld,3.3876936946014538,2.401940532133876,2.381429673081702,7.864178331173962,4.62738969470657,2.360939891193034,2.349480324118219,2.4539959928661106,2.390513364644704,2.3814853219892416,2.3801509363603723,2.3791038634248665,1.922897011303471,2.1833165089027364,1.9222656723601315,1.9174304591886462,2.1466953055702467,1.9735819585442296,1.9481697472736008,2.1213746346274673,2.02663476843296,1.9886770326057914,2.0823465886931523,2.076366706072852,2.0502488152276723,2.0602953323473683,2.125610222759021,2.123458043495193,2.0445477077518452,2.1757581856623727,2.1991704303445294,2.0696982315290677,2.2244098522336824,2.2822406313354153,2.1090417767664578,2.272534826278608,2.3610659007579087,2.187122903756827,2.3172575828350306,2.468828183312341,2.3355391180792124,2.3741228344160126,2.5860654412101955,2.4953607664076145,2.4333750516148234
Clipart,Art_Product,False,True,Art,4.711752843815391,3.2208641064069594,3.105774707474861,7.562122524517245,4.9587716866242415,3.094532741667557,3.05797166214393,3.285293452027518,3.117366184768225,3.111140146964775,3.099981880866303,3.1061229132337105,2.8482124381971543,3.3199523920519716,2.720934841505522,2.7573070856383066,3.2711936638935404,2.750445293210901,2.7522415649726986,3.254824080818223,2.7898511242600867,2.7625079185059294,3.210590674662027,2.8254939287201153,2.799670006462559,3.1396621775827684,2.86114328882966,2.8443118377234784,3.0441952833309918,2.896834742589211,2.880152187955379,2.973411876200006,2.92679324141526,2.9547724234610797,2.964555624566396,2.9706700735917675,3.0261983967166395,2.9969541295497093,3.010673391520595,3.105783294374123,3.068617646924546,3.0554136825679685,3.200292684418708,3.1701918302896437,3.1036900609368407
Clipart,Art_Product,True,False,Clipart,0.01992720634652045,0.06308547050138913,0.019794149305724908,6.238033599822698,14.170051604962207,0.4005512728499882,0.12264894563766249,0.15874858622911728,0.13974039068926997,0.14552346225907414,0.13008760578881406,0.13466687974405225,0.7755191706898797,0.6882810322475602,0.24247608890420644,0.7662638608577079,0.5730395807765616,0.2611545735741379,0.7395595402686392,0.4351879671820589,0.26644495453058314,0.7484177591986488,0.3593027712494057,0.2793502312980782,0.7752526213747449,0.31586191764639915,0.29169374978207685,0.8263984204806387,0.309290500477072,0.3098941640144172,0.8527588147180154,0.3215020279726385,0.32122654343348717,0.9015227084307,0.3732400458451405,0.3375459618371926,0.9235039184607565,0.43752923506952646,0.3452384204008533,0.9410385531459005,0.5609074144663289,0.35243738674446085,0.9661517979907803,0.7076265569872688,0.36161720559785754
Clipart,Art_Product,False,True,Product,3.430570051104803,2.417122481014928,2.3934750962999365,7.484492362950347,4.486011532895137,2.328107991948607,2.3045129288821733,2.4227658150856954,2.399496625192636,2.4080350131436945,2.404013938714185,2.3984416873810273,1.5121554094161025,1.6512841375865452,1.6617380351227926,1.548896802278678,1.656009866833434,1.766927492131143,1.6204910667140038,1.689258232075792,1.853582863226348,1.6940544462917373,1.70566816363247,1.9266417009916732,1.7818185565456748,1.7341531928540619,1.9922857320444425,1.881026118611358,1.7583590050319333,2.0600815857408348,1.978992947512679,1.8124250571033234,2.1234686657772324,2.093615277824551,1.9067821584003948,2.189805998370499,2.206288509173877,2.0294895857876867,2.2524974435472918,2.34706580843199,2.221633289684262,2.3267107284740676,2.517935213091783,2.439328910728218,2.41288071362575
Clipart,Art_Product,False,False,RealWorld,3.3876936946014538,2.401940532133876,2.381429673081702,8.457486167020042,4.611955969088443,2.4336719956664234,2.3834010173325084,2.4895686912875497,2.3889666881701865,2.386012409517388,2.3878828875472253,2.38326652208502,2.195226379711571,2.529399740155724,2.0358096849478153,2.1181165917875826,2.435149740528113,2.070106594655038,2.127475281605753,2.4115532091133947,2.115001179726316,2.1472802571056873,2.3555234587939617,2.1552243208359565,2.1865661148525772,2.2933760900170035,2.190761038736986,2.2368683255147195,2.223960936027016,2.2283249180523006,2.2900498357897625,2.2027617744305403,2.2671442134418154,2.360759684981219,2.219216713635734,2.3084414102682635,2.4233578070204707,2.258722463192721,2.344069121524801,2.499322987776436,2.3654809472796274,2.386164962593095,2.5979288036620245,2.503237080099434,2.4353632769921245
Product,Clipart_RealWorld,False,False,Art,4.656634385321327,3.4181233617809923,3.1250891255884623,7.214130316484438,4.407307657448459,3.166169723011273,3.169018977016502,3.331979089431708,3.1284059712664476,3.1243601564456442,3.1204206661556286,3.122460563303815,2.944740348861436,3.5059449660961297,2.7746690869239536,2.851379858935811,3.4927213086193922,2.8072665563190435,2.794329282403086,3.427249056673857,2.820613747623044,2.7941457805294543,3.36340775230667,2.8490936047703737,2.8077082527656105,3.2957931647460414,2.880461508375056,2.833789684872702,3.214892922232201,2.911430607307761,2.87694133111611,3.136657363756438,2.9468609753362007,2.915776159803942,3.0582834257503095,2.9775862949674368,2.958347464519739,3.0101725176386536,3.005472696164948,3.040948992303014,3.0701822501253804,3.0543892562642734,3.1314631938923148,3.134919714492187,3.102775748647099
Product,Clipart_RealWorld,False,True,Clipart,4.64970854444715,3.275538696992352,2.893405035648395,6.60358298517162,4.436195454623716,2.7923577989979522,2.7857569804959224,2.994723268438834,2.903262186378407,2.8856255916339277,2.8805442494569657,2.8864209426429546,1.8331024447164848,2.0485718038470675,2.0414234515814313,1.861705244306382,2.051022786308926,2.161538089199398,1.9033189463929272,2.0633987306152006,2.228517265307714,1.998812127622217,2.10206965576508,2.3162112544975084,2.091640666962415,2.1318453622927818,2.3925878113374663,2.190673360035568,2.174712107540801,2.4616603173353693,2.307584743865579,2.2360583500875215,2.5352582431624557,2.4371564432375132,2.3547433074333477,2.6125548525979783,2.566385103141516,2.4872511275671423,2.6853938282264416,2.736787894887477,2.683481257453654,2.776864815929737,2.9398374430797998,2.91971409108974,2.8818797210122318
Product,Clipart_RealWorld,True,False,Product,0.0019729274423227984,0.00833928654861838,0.0019158058633363141,1.3567522997172974,13.350653539651006,0.07633379458963427,0.06262901102511306,0.036926376675432374,0.10027762251008554,0.09165247804045666,0.07639495952352879,0.08618483218963159,0.39976558812698204,0.29053019638874394,0.12372375157862248,0.36180594495508117,0.16342328228913708,0.13398614329109532,0.3527474573764048,0.11868457147443227,0.13997814126402014,0.37352451576685414,0.09098244978993203,0.15356268132882026,0.4043560916203773,0.0827175556165439,0.16776761311201763,0.43022944741712416,0.08283673453845843,0.1789544620184398,0.4564064667680183,0.09439088031654388,0.18992527612474186,0.4787867310990813,0.11428806749487883,0.19957988430505355,0.49254233518410473,0.1518927892977932,0.20528857315123666,0.4946845581172732,0.21731151868201123,0.20765143661429458,0.48439450818754254,0.31589450224480825,0.2070190893681207
Product,Clipart_RealWorld,False,True,RealWorld,2.775758456220304,2.0916811001400633,2.01786623096717,6.64099031267192,3.628014397510488,2.039694965133129,2.0348976801767096,2.023168985146124,2.055796319959437,2.047609793421705,2.0386787900739543,2.044013508874077,1.5893460042616936,1.7612377543930269,1.5708090534362706,1.5605068441272016,1.6918344779307337,1.6300644597849607,1.5817227747978875,1.677133123263546,1.6787049565872265,1.6259722730758135,1.673703421709119,1.7298188637873824,1.6829939680119979,1.658791255877692,1.7812687408770216,1.7423725525198506,1.659082178829927,1.8269182929415486,1.8070167954640464,1.6606793513145264,1.8715145086350595,1.879457198363729,1.693178301463167,1.9183867433846349,1.954095098510198,1.7612715316657852,1.9618134797815177,2.049009599113278,1.8966560398691565,2.0151886460268207,2.1598765676813203,2.0693299702071117,2.073759317280372
Product,Art_RealWorld,False,True,Art,4.656634385321327,3.4181233617809923,3.1250891255884623,7.229341380514098,4.9412925932222915,3.0517894648880777,3.0447116476489313,3.2553700358339945,3.1375342885401416,3.136753482990233,3.1255392444016614,3.1287857545488973,2.4959875390613915,2.95844980064023,2.551587842768112,2.489984404439782,2.965052584486074,2.610885031759156,2.492736359561048,2.9477970792238253,2.6627497261673407,2.5301093870104294,2.9174822527450748,2.715112243320397,2.584734327822365,2.880022257416021,2.7654863228137896,2.6547238706313077,2.8575104008493373,2.8209129155248123,2.7233028325408695,2.8324077755628303,2.8660387307990556,2.808469529773295,2.8513743044102546,2.919409996703281,2.9064556650482123,2.9039001067018835,2.9761325298774164,3.024633137962967,3.013282428861549,3.0416141921709996,3.1526495956744998,3.148996674486902,3.109103668483287
Product,Art_RealWorld,False,False,Clipart,4.64970854444715,3.275538696992352,2.893405035648395,7.581180349542064,6.154204455903872,3.04223782406756,3.014999530021387,3.316742895505846,2.918574656373252,2.938781776401185,2.973244750099215,2.93928950412632,2.8935422327036675,3.731714709228597,2.649162809582968,2.75403625503995,3.596184486504653,2.634973556041618,2.6806871991388035,3.5501758989018697,2.6367462765566825,2.676740066530183,3.504541906830686,2.6693213556706707,2.6756647646217604,3.373309180631493,2.6877281494080187,2.662528912529722,3.1562914028251483,2.699668104543263,2.6880151609729976,3.050209567513055,2.722696538289804,2.719003755971417,2.9273886131268694,2.7478361466338805,2.7815819212660196,2.8859096563279865,2.7870380414054696,2.8241564608044927,2.850668670321629,2.815997173290578,2.891753127391636,2.892826454111747,2.854826109199699
Product,Art_RealWorld,True,False,Product,0.0019729274423227984,0.00833928654861838,0.0019158058633363141,2.284434445718149,14.398552983032534,0.0694985259816181,0.052153958176410095,0.032433459268627056,0.07624976743107068,0.06590107716826543,0.055989837754446645,0.06235713931904689,0.4388297341317153,0.32766872868433616,0.12173466734370134,0.375383541654938,0.21282486039138515,0.11573004179128188,0.4111796855309411,0.17069590735893742,0.13444959403483897,0.4007082795916445,0.12240067566107274,0.13950861694932576,0.42780806786305625,0.11224805159402729,0.1502431064596366,0.4564586847196274,0.09021017307875824,0.16249126934373762,0.48394924867264344,0.1082166699646627,0.171491648019672,0.5158567545887374,0.1449196624825399,0.18100065337700424,0.5322863333504355,0.18810116460226367,0.1874430227447531,0.5191577060924844,0.23968819016240958,0.18725663832831793,0.5112390685135497,0.3402211927538854,0.18658304286928826
Product,Art_RealWorld,False,True,RealWorld,2.775758456220304,2.0916811001400633,2.01786623096717,7.379786555893912,4.2801784802335145,1.9885300364164535,1.9793986430733526,2.0361152508702296,2.0373520918529757,2.0290003151586036,2.027827202457045,2.0264572502039067,1.5522152703086962,1.746148541657647,1.5533645762386556,1.556187583335099,1.7296175448716986,1.6090203934992435,1.585626484571927,1.702886608047279,1.6675342442380732,1.6201393722470268,1.6760588691108815,1.7144860768366368,1.677893368279003,1.6622628157316455,1.764314920457322,1.7441316582356348,1.6453051876803286,1.813878550308108,1.8108221973911856,1.6532309855123057,1.856532651372801,1.8858356425456466,1.6937268939872077,1.9023350614129437,1.98602147322523,1.794253397969421,1.958732086427323,2.07126103046285,1.9105442366473784,2.007500902240098,2.184855408395408,2.0951117855551535,2.0669383660519265
Product,Art_Clipart,False,True,Art,4.656634385321327,3.4181233617809923,3.1250891255884623,7.883437282938393,4.736434349581527,3.1192596573386533,3.1247550203064725,3.2542508493367017,3.128074294078142,3.1279282126020376,3.1257155375866588,3.1251738086509606,2.644649850353412,2.958929635378301,2.6126911111252507,2.597044312253967,2.923380574803451,2.669870061134977,2.6106695521790533,2.9435637614433725,2.7170524276314296,2.645660772282258,2.925006443613798,2.771355342422527,2.6995438605174424,2.8940114259826535,2.823977896527008,2.767858995719254,2.8518573039716957,2.878241809925552,2.8495718965470793,2.8250211925040642,2.932546835124681,2.935933853086829,2.8569378529936307,2.984580495813794,3.03601517278254,2.926991013683006,3.040767399843401,3.1486599227130414,3.0486088586200024,3.100321960257534,3.271192252336442,3.224695243902505,3.1637738640849373
Product,Art_Clipart,False,True,Clipart,4.64970854444715,3.275538696992352,2.893405035648395,7.457490148545477,5.187284122462297,2.7840744519552905,2.7831308469184908,2.953242951874491,2.894090825079305,2.883396524586442,2.8813830568665013,2.882455727896551,1.907378880416206,2.111280490382046,2.0488788769494315,1.9073561640736645,2.0841179048797516,2.1567513213517726,1.9591789024986326,2.0911801017635194,2.244043676376873,2.0406986384231605,2.1302819259513877,2.3277425064979864,2.16037532511875,2.2028990554327086,2.4220254400927006,2.2591604797974223,2.2108933607838788,2.493745940635468,2.384298503252864,2.257846471781295,2.573437007566674,2.528297071014345,2.3768895331747135,2.656451334059079,2.6754780885636804,2.5068970810522324,2.7368231797252154,2.857911580617726,2.7452612052690237,2.832745414062405,3.0682711660832167,3.0234375546522436,2.939719020873391
Product,Art_Clipart,True,False,Product,0.0019729274423227984,0.00833928654861838,0.0019158058633363141,6.9909519839313345,21.129158231803665,0.1802260915090664,0.11838490842166341,0.12598230968530807,0.17497098011348688,0.15392039086855266,0.12847666740870534,0.14707985122548764,0.8039497835163114,0.6690986068371246,0.27882147274999436,0.7458285793884192,0.4289848124592228,0.29079209689737623,0.7156426189772551,0.29691205600420945,0.2971645380862438,0.744917411039304,0.22198361552069565,0.31853577840572805,0.8244332765383181,0.18818371527473202,0.3518873826398895,0.8956301018541678,0.18088643074242192,0.38034382116303145,0.9798628314305098,0.21842114530377654,0.41093590354188525,1.074425160058215,0.3320803549563629,0.4421652253009265,1.1921221495114267,0.500448999922676,0.4807297041450699,1.2720019587405027,0.7493214674089105,0.5068630196074578,1.3223728647731243,1.060264374556206,0.5238750374040582
Product,Art_Clipart,False,False,RealWorld,2.775758456220304,2.0916811001400633,2.01786623096717,8.390707089116216,6.367841707638101,2.140607930705356,2.130949477380706,2.064766075248352,2.1161243485679817,2.1059596476743896,2.0913167102473067,2.100912332788043,2.068207993245637,2.304691834745811,1.8257358453675383,1.9970940172675065,2.19629504470628,1.8664932305224942,1.9923922290969642,2.1384762360635796,1.9037367257295639,2.020899327588454,2.082056054446146,1.9494253105785995,2.069580775491521,2.006672678756108,1.9958502807293985,2.139470991690456,1.9579531620812767,2.046845395234043,2.210651720786095,1.9067523590626763,2.090781808674069,2.285331837120652,1.9308680074274893,2.1329331654166075,2.392912440869212,2.033525914203981,2.1876612418373633,2.4920255781173704,2.2097296748934316,2.2370848503279346,2.5952525964528323,2.457722925225645,2.287590533467669
RealWorld,Clipart_Product,False,False,Art,3.950253560096793,3.0706012383114083,3.0223948065590407,8.051676173878064,5.535406343826681,2.9804981677590425,2.9601032059008507,3.2063216634586746,3.022725070201701,3.018222473433711,3.020597062812506,3.0178549863023605,3.2411679252255574,4.036103697992948,2.888750370491923,3.1475640966493317,3.9473401408635547,2.899239930183401,3.069317144033657,3.7204690883416602,2.8963359245842426,3.049421865592449,3.577082872922842,2.9165378240709168,3.0541088857814147,3.441013356272104,2.937439183101679,3.079611408275651,3.335220927403102,2.963843295118692,3.0860317529439056,3.2195815023154792,2.9777656598973516,3.106525665767924,3.1604846333279744,2.996729450762165,3.1742273596185027,3.185283221257842,3.0343927650449083,3.225917870682859,3.214263003480724,3.063758746808099,3.2688816604013637,3.254170925561403,3.0879686760225047
RealWorld,Clipart_Product,False,True,Clipart,4.107549435987522,3.0888520209418453,3.0057497782585316,7.054600687489222,4.568751984387791,2.861901757312553,2.863329277930205,3.06960908171671,3.012241917781057,3.0116859472150663,3.02170865144268,3.0118834497793796,2.224955911074468,2.5234708896354894,2.3663766936254076,2.2629609075633224,2.532867182136209,2.448703958371914,2.324584469595575,2.507300590717414,2.519869622930172,2.395892206437513,2.509039808510793,2.5872733148301776,2.467010163729987,2.502849298380289,2.644700347803679,2.5669610708570105,2.5486531921352245,2.710432734710708,2.658185229065083,2.6112460026906263,2.768258211736394,2.7648919376495757,2.705080996451792,2.8301731983030938,2.878040882893,2.8243171380255996,2.8928571175294513,2.997972497900389,2.962696682044416,2.957357552251658,3.1494469703967685,3.13565056228562,3.034454086265088
RealWorld,Clipart_Product,False,True,Product,2.93509813088632,2.3036854550070527,2.29346820089237,6.629615590206406,4.200186532144831,2.170906114336225,2.155180633025541,2.3166674849681184,2.3035551213720917,2.2894435904827857,2.2847918536289007,2.288875748587603,1.7197990698677532,1.8909838542778323,1.7856966293592287,1.7378646222044742,1.8643141358607267,1.8504340478772388,1.785964221705377,1.8292421003539894,1.9097193567042876,1.8434879315079775,1.8267799524543769,1.9655605311320674,1.9174016397730447,1.845124711319184,2.023670815405301,1.9983208597090794,1.879077485847045,2.0784881339628116,2.076611643150763,1.9325635177264346,2.129309555003784,2.167144713699381,2.0197998266800115,2.182265304754325,2.2731428526305533,2.1383995380667913,2.239698635379944,2.395929892423382,2.3022430170952957,2.3041821506347078,2.5214310269684357,2.472510499209563,2.368408168315721
RealWorld,Clipart_Product,True,False,RealWorld,0.6452596800471255,0.7851171342585357,0.638450428517155,7.844642619368375,6.655496586357211,0.7659729376182688,0.7617749272212498,0.695615384150388,0.9355424607975731,0.9367251817158051,0.9429961360653507,0.934375826655429,1.2730281574891191,1.2563832260246537,0.9047803203514665,1.2563788485120857,1.1212301628016736,0.9354292564776477,1.2870557864956134,1.0462429814451322,0.9729136744372878,1.3195271393946828,0.9951162130278639,1.0060933280382147,1.3692327912810662,0.9741779045903982,1.0414092756581832,1.4244989632819807,0.993710834657068,1.0756853869230485,1.4688674797439578,1.03017349111308,1.1024505492198355,1.535664663087379,1.1148984293996302,1.137177275474813,1.6150039193874428,1.2478315381774814,1.1740145560937667,1.688747563406281,1.4206728059777947,1.2083213109397009,1.7349995153018782,1.5818316466524396,1.231413068970639
RealWorld,Art_Product,False,True,Art,3.950253560096793,3.0706012383114083,3.0223948065590407,8.198369763782708,4.694391567390697,2.8767585514762275,2.8660967692571426,3.0908299074190544,3.025764001800593,3.0231320248155367,3.0198138802349126,3.0208277530504932,2.7479345495662395,3.2624037793723297,2.6787486497213195,2.7342060559768915,3.257904665646568,2.703151787279482,2.7369550894259214,3.199267697227706,2.7453569666110984,2.747784709388932,3.0803090365279577,2.7763680451742263,2.8027684477339028,3.060743191765318,2.82128335851471,2.8528794871392593,2.9844415895555128,2.8582493155130635,2.904679938656284,2.9504415471283534,2.893752478274744,2.9722131534625427,2.9606649982985402,2.9335749078777447,3.04956332491166,3.0147815752499074,2.976529151149154,3.1358716508595568,3.098703179831264,3.021264382441043,3.2351705422425825,3.2121567451003705,3.0715697028137363
RealWorld,Art_Product,False,False,Clipart,4.107549435987522,3.0888520209418453,3.0057497782585316,8.402477251049337,5.347164963201644,3.015089512930252,2.9981847333145293,3.2713292658883732,3.020240171876958,3.0287477286260795,3.0334337505843494,3.024599201751536,3.167254766096571,4.113232145231287,2.8745321067831853,3.0621575326506987,3.9823689937655224,2.8550319013633763,3.023014337261824,3.939716953892853,2.876054097112298,2.9738926875074507,3.7352302581426065,2.8783522614736183,2.964144919199729,3.5871368146592024,2.89330066617076,2.976117527920101,3.416340460805098,2.9108131386902287,2.993814235537034,3.302682885159829,2.93051153803417,3.035269436826906,3.220861509402171,2.959305427231047,3.063872365935147,3.1645105420671173,2.9799695311614944,3.116584671343886,3.1611797548509175,3.010759889178355,3.1681285613359185,3.175717120825564,3.038419861659353
RealWorld,Art_Product,False,True,Product,2.93509813088632,2.3036854550070527,2.29346820089237,7.405962027886547,4.36874666153082,2.153403975734448,2.139913434386859,2.3092750123258243,2.2972209199371703,2.2834236419087928,2.2782281463132086,2.2831906027275335,1.614572775539449,1.7260679168982183,1.7558418464377747,1.61371749818951,1.704899039126562,1.7875663371450443,1.6819553435985142,1.7386135046812599,1.8587912305985814,1.7641072217219846,1.758738036896157,1.9260621382742236,1.831883676395277,1.7719004725488525,1.9781905617710944,1.9246977230508115,1.8230872442005144,2.037697808377997,2.0186985075615227,1.8847490141351397,2.094808632901179,2.1172604844540936,1.9715125774864322,2.151235109480333,2.234576744295435,2.1079818916314417,2.2142847943277344,2.3605871289780014,2.2655895522336134,2.278999284632743,2.5027134376292817,2.449612433648142,2.3509797912005426
RealWorld,Art_Product,True,False,RealWorld,0.6452596800471255,0.7851171342585357,0.638450428517155,8.150484930119074,5.764076414722654,0.7361576579088103,0.7242892449662267,0.6768905551785147,0.9010604265822991,0.8950723473099866,0.8927758533100855,0.8931067722918868,1.196762732439284,1.1106669422962314,0.8705759362911255,1.154659130117776,1.0140220835672067,0.8780958109851627,1.1727469364622793,0.9333052091040843,0.9106934133650663,1.2470061095900369,0.922002288865684,0.960717951594391,1.275196538765051,0.8793625502175646,0.9867518773604849,1.3454473247347634,0.9198577473485141,1.024729844072817,1.4156742951526096,0.959337707327629,1.0615690747139137,1.4795895422482448,1.0403430721726432,1.094348148670387,1.5562834576322675,1.1739648117314538,1.130758369884156,1.6410463661203178,1.344891444262739,1.1685552128484749,1.7133251790280302,1.5355907045808552,1.201908494642341
RealWorld,Art_Clipart,False,True,Art,3.950253560096793,3.0706012383114083,3.0223948065590407,8.476223573446067,4.49879028190677,2.9038899085689107,2.89163198755676,3.1094948127798743,3.034264720788885,3.0323025060629045,3.0398348432152424,3.031253369630522,2.7715016469598193,3.2259129789301495,2.68409049290987,2.7762265759209406,3.1929416579096337,2.731436246669651,2.7905734944906904,3.133895235764963,2.7824868626597565,2.822977401964145,3.055001218674819,2.824143943579958,2.8531273448870587,2.9499320498831834,2.857457172004372,2.92041026932245,2.9161890118526563,2.9060506079162898,3.0014102461218135,2.9269411307776987,2.956355101429208,3.072891626756382,2.953085168613592,2.99760613929704,3.145183551748656,3.0244839976504254,3.037609030582783,3.247890078134451,3.161538790269245,3.091094795663592,3.3327170961659633,3.2916685435589983,3.1335768622670495
RealWorld,Art_Clipart,False,True,Clipart,4.107549435987522,3.0888520209418453,3.0057497782585316,8.0081484220531,4.369587624825978,2.846572480256668,2.850858196907579,3.0331659944725238,3.0089846967957863,3.007726609539118,3.01711147298561,3.005475951296642,2.2334732393995513,2.473270804303847,2.373926035086357,2.2612495965868122,2.465531815055359,2.4357334027211586,2.341653951210738,2.4584456133679735,2.5316735983267096,2.4155114372096484,2.4538899393300833,2.599221838548609,2.495420388779975,2.4541370249533996,2.662546914179213,2.612128887402546,2.5112759229710395,2.739657670767406,2.724060321550071,2.584730580149038,2.808183850557654,2.844376408698782,2.6954347318322207,2.8759876686493406,2.9729126096293332,2.860548557598059,2.9464596055530787,3.1016407226847487,3.029495782590984,3.0146314387864677,3.2656961185054856,3.239047096530767,3.097175126879017
RealWorld,Art_Clipart,False,False,Product,2.93509813088632,2.3036854550070527,2.29346820089237,9.58904104944675,5.36924095560389,2.2940432850904298,2.2666841555215886,2.3854872378893828,2.350164371240449,2.346754269841891,2.3657672323197034,2.3481611605445902,2.565346019013822,2.9838287705356636,2.2496067804438313,2.508612221539882,2.844108276078243,2.2569159895378776,2.501409246353383,2.742995963636645,2.2921478278186433,2.543964033466246,2.7027022240484113,2.3320808883956303,2.5507434585178674,2.5852470186163217,2.3519265331813815,2.6072319037089935,2.542783375955442,2.391455487237209,2.6454194742160846,2.4999820945186224,2.4190090147252485,2.7207356460585492,2.54337106944897,2.46002491379997,2.778170982775115,2.6098135480318274,2.4919493336208753,2.8319608246951127,2.7009795222809903,2.521563096682603,2.9040313114942053,2.836236198086233,2.5565671875381715
RealWorld,Art_Clipart,True,False,RealWorld,0.6452596800471255,0.7851171342585357,0.638450428517155,11.08724780722693,8.048607504190715,0.9201114248525302,0.9044133645821768,0.7697557282663944,1.0797976638798237,1.0659207290447483,1.0578812592942026,1.061454461598625,1.5195943966096208,1.448531135719644,1.0898845354595803,1.4912456032726595,1.3167486177761332,1.109469713040632,1.546776695344208,1.2438379054775817,1.1682436990224752,1.6022662722207297,1.1963286911840192,1.2117290843407051,1.6515660572340292,1.1656530619593721,1.2487357270140869,1.755186716258613,1.2111498831847443,1.3047643734780623,1.8457938299245087,1.2996032649064422,1.352668074366213,1.950825789320271,1.4301954806005548,1.4021853317233424,2.0267671906343834,1.5969158094808298,1.4388095733684856,2.1135924479029495,1.8039071908219948,1.4785877377965724,2.182296344545984,2.031873104929583,1.5099691215278468
