Trainer,Calib,Train,Valid,Domain,Uncalibrated,TS Source,TS Oracle,HB,Isotonic,Beta abm,Beta am,Beta ab,CPCS,TransCal,HB TopLabel,TS,Cluster NN,Cluster LR,Cluster Ensem,CaliGen 0,CaliGen TS 0,CaliGen Ensem 0,CaliGen 0.1,CaliGen TS 0.1,CaliGen Ensem 0.1,CaliGen 0.2,CaliGen TS 0.2,CaliGen Ensem 0.2,CaliGen 0.3,CaliGen TS 0.3,CaliGen Ensem 0.3,CaliGen 0.4,CaliGen TS 0.4,CaliGen Ensem 0.4,CaliGen 0.5,CaliGen TS 0.5,CaliGen Ensem 0.5,CaliGen 0.6,CaliGen TS 0.6,CaliGen Ensem 0.6,CaliGen 0.7,CaliGen TS 0.7,CaliGen Ensem 0.7,CaliGen 0.8,CaliGen TS 0.8,CaliGen Ensem 0.8,CaliGen 0.9,CaliGen TS 0.9,CaliGen Ensem 0.9,CaliGen 1.0,CaliGen TS 1.0,CaliGen Ensem 1.0
4filter_1,,True,False,original,0.08128320361746148,0.06165546047252341,0.06170100295175419,0.0753618931121273,0.1800126856621643,0.05839228664067719,0.05804746856899059,0.06390345035940373,0.057489032562805444,0.05771564503718658,0.11362552261895215,0.05887864355004061,0.03750198725822535,0.40095303780811126,0.24211253762927362,0.05079882011763077,0.06031930403151445,0.054455589287237954,0.0485203800462159,0.057888685487857174,0.05312237963488148,0.05091611035360714,0.06029752871898088,0.05475726573845186,0.04847358730623105,0.057374281981817044,0.05380988619817582,0.048695144823150696,0.057112359473831774,0.05410145526215328,0.04760209894319585,0.05496126599448189,0.05357424169576038,0.04951376842808522,0.057069823792382526,0.0542791400824508,0.04923106013503847,0.05544090958783088,0.0542651066432636,0.04838110082802213,0.054053262753908635,0.054268092361567905,0.04996716213782926,0.054779435653598496,0.054826900495916944,0.05344065838055164,0.05715355571868646,0.05666354714816589
4filter_1,,True,False,gaussian_noise_1,0.09699197072508768,0.0674934963304058,0.061064318501154284,0.07937704237642074,0.20425846500068995,0.06702761848001597,0.06509852267093551,0.07285920310313167,0.06235341184187007,0.06262777057075734,0.1484362230968949,0.06403766669806388,0.04447808239766417,0.29638303546446776,0.21929648997846696,0.059578824997259985,0.07233269701175603,0.062347160422664645,0.058129958615875804,0.07089185838341176,0.06208777488408129,0.05905015576893587,0.07132857400367815,0.06188386187520252,0.05816784960734898,0.07053813923163635,0.06172331851400711,0.0576973237773398,0.06916304391989476,0.06138115299890688,0.05664253825191714,0.06678060942545201,0.061273495567225576,0.05779834407076161,0.06774045346226498,0.06117068819677406,0.05701232101328745,0.06542945920422569,0.06114623948924064,0.056023597817910865,0.06361402830144929,0.06095316251279796,0.05740998512925856,0.06383219707140099,0.061333398749644684,0.05827776992339166,0.06277703698571253,0.06160753923264065
4filter_1,,False,False,gaussian_noise_2,0.11514429036798113,0.07919377577986929,0.06142816901233875,0.09714256916678725,0.24785409283436632,0.08024097442427025,0.07861270105463045,0.08561791382086083,0.0726270419172451,0.07298180115090057,0.18977649023264187,0.07479677759368526,0.0502014659018554,0.33721652752688536,0.1637611064590512,0.06831792146805708,0.08335412400975135,0.07179148660992647,0.06794402477859035,0.08318106068302851,0.07207954812244627,0.06742431597535307,0.081577926470337,0.07108557428607912,0.0679254068871163,0.08293631129136077,0.07170780392885238,0.06594170092539291,0.07959255798578979,0.07066733487130901,0.0658312598507373,0.07820268250412271,0.07104870660739471,0.06707725832021587,0.07898629596111849,0.0710010113289305,0.06754800431742022,0.07835690995614022,0.07162555202003867,0.06545144203927779,0.0750533266043208,0.07088592234116017,0.06780278714657438,0.07610081411287066,0.07178710320446201,0.06921882689743114,0.07511719890950418,0.07231118811565346
4filter_1,,False,False,gaussian_noise_3,0.1226004248692443,0.08215612830012312,0.05043922022627373,0.10648345263398476,0.3264952007132423,0.08603389026415709,0.08224117255560977,0.09355443622639943,0.07483647399532596,0.07523257050522045,0.20007570923996412,0.07725738594088641,0.05601615242042651,0.39642627980797324,0.22762891649227845,0.07381524415517386,0.0900024337817736,0.07473057125556937,0.07682956941761426,0.09435289977460205,0.07622232254676879,0.07370887551520829,0.08957513930549559,0.0747342257727455,0.07530905507320945,0.09213474723994249,0.07564300379371025,0.07271139387058734,0.0879823338922345,0.0744099771216433,0.07466373413694194,0.08871845660178734,0.07542205782807619,0.07282053663399692,0.08615090538809682,0.07450619469801975,0.07634429985899631,0.08856565269118445,0.07628309181419911,0.07250310911513479,0.08305316466234366,0.07446151513810076,0.07432338324567048,0.08323869993941649,0.07525740241243563,0.07347187670796299,0.07947217226278327,0.07488398457514629
4filter_1,,False,False,gaussian_noise_4,0.11588047189724604,0.0738091953256121,0.03261952200478784,0.07538508933982759,0.5075791766663595,0.08080896501301188,0.07420589117511575,0.09315420963364524,0.06617077641638147,0.06658177873629159,0.2853620625392591,0.06868779917332866,0.050776596540048444,0.3113251302528434,0.18958221108851095,0.06414835422119765,0.07887360333635397,0.06512860041133957,0.06616389457917617,0.0821771806148435,0.06614369376885007,0.06551546065523332,0.08052025176446861,0.06596874978586921,0.06658294103454428,0.08285216957953101,0.06674076744376993,0.06521043453605536,0.08072432427771335,0.06608401632222488,0.06681079257482807,0.08118045451938855,0.0671754491058102,0.06565628041854107,0.07928020425963744,0.0665025445098349,0.06997300008112158,0.08284466842147396,0.06886217936213179,0.06670735283646612,0.07801752768185374,0.06736549086145528,0.06812797494071143,0.07769434049496035,0.06801136023346316,0.06938094941507156,0.07607258537865716,0.06859665070351166
4filter_1,,False,False,gaussian_noise_5,0.13216522332548236,0.07972720574873218,0.02114983378927737,0.10357877027413577,0.5159193858210745,0.09253358233931176,0.08120689841541401,0.10159872359701973,0.07003902739399241,0.0705611287907158,0.23122349700411676,0.07323548967526687,0.04538878641205333,0.2926424942137877,0.1997067156996351,0.07723740456680282,0.10053637723455497,0.07403256679362955,0.08085666657181424,0.10622031617660047,0.07563655566683687,0.0775847117684054,0.10041553845963376,0.07426772121930256,0.0792720934121438,0.10368682659534835,0.07534605840111795,0.07791094430577465,0.10137539776998096,0.07471064687890722,0.0737152080024842,0.09299649221813269,0.07295507491439984,0.07456178717403208,0.09388023886415636,0.07329440308742297,0.07891461164820143,0.09650447109716669,0.07556557142080458,0.0732465051894066,0.08844190197072058,0.07292346124503918,0.07519314734830157,0.08797820010154288,0.07378380554399265,0.07780751058021944,0.08688311351097977,0.07509946070098139
4filter_1,,True,False,brightness_1,0.08597831867936885,0.06399206667011184,0.06393376218381572,0.08643190044548849,0.1839861196364446,0.06039108065763125,0.06025761621647197,0.06486862842053776,0.05931356644774996,0.05956323724574311,0.1362006683281171,0.06084629428045755,0.03951114768446305,0.35005230631914125,0.17242113416740132,0.05189940421766584,0.0625591990018964,0.05570261761701447,0.04954067717195919,0.05993874221824797,0.05459457002580304,0.052094553323749564,0.06251300504678069,0.05609909674511351,0.04994231763995199,0.060024561955415785,0.05525056196474199,0.05005944731156804,0.059430634661560074,0.0554905917629233,0.0486185589382776,0.05678253930042657,0.05483235392884899,0.05015612840434249,0.05824216839972137,0.05538410483871256,0.04997067522920284,0.05675713401133939,0.05539855062536793,0.04963615948249607,0.055889961909886675,0.05565302144042348,0.0509333186321303,0.056055574087503494,0.05610491737392562,0.05530674273166928,0.059314366254486287,0.05841538145387222
4filter_1,,False,False,brightness_2,0.09035817411386575,0.06556351105989863,0.06554011227990461,0.07620154878170121,0.1729719105429386,0.061406976246885056,0.062040957277867716,0.06585458069368764,0.05974693798409394,0.060059786312406785,0.13777781509780615,0.06166306176062969,0.040952569721302345,0.34173201743854553,0.16286986141097676,0.050114381934869105,0.061374162100509715,0.05465193714803276,0.04878285884932795,0.060011806488322474,0.053783538807405315,0.050905526559501715,0.06213271407946826,0.055517782659084795,0.049827431672571976,0.06111687427325312,0.05501546799413433,0.050189467709895456,0.06067513323696495,0.055355505840739894,0.04897705554787252,0.05823076615206324,0.05467581970346724,0.049177056067381514,0.0579241019112374,0.054954157269968815,0.04856419702741207,0.055932287281547116,0.054479331514062715,0.050135908233850474,0.057221553148077926,0.05546484070340045,0.05021971268552141,0.05575682610554957,0.055461529057605465,0.05601487927332551,0.060545167938607244,0.058603382356190274
4filter_1,,False,False,brightness_3,0.09674383750247419,0.06359809773714667,0.06369423549092816,0.06489605307979505,0.18047475345516983,0.061438036874917376,0.061943925298025636,0.06862216891530964,0.0573493113604021,0.0576835912186191,0.13416067321084424,0.05940035742657218,0.03876768649754049,0.35130433543225387,0.2031875452112451,0.047792065349123905,0.05985472571870233,0.05288538394775194,0.047863372473145996,0.06013316475233125,0.05275132256260121,0.04889035948108017,0.06096987145876767,0.053692275305906555,0.04840453029936723,0.06068361040060587,0.05347085685325963,0.048735093481399615,0.06030405211038028,0.053681274437189605,0.04881245515976723,0.059106993694717246,0.053762713043217794,0.04826701418878942,0.05802945748217819,0.05349586776475506,0.047554993610228566,0.055813188555426066,0.05308678764822758,0.04956537005807687,0.057505731133694435,0.054210511361241984,0.049208491527972284,0.05541200643566585,0.05398799290671796,0.05489330888166568,0.05989927070627045,0.05694392239912417
4filter_1,,False,False,brightness_4,0.08818049916975201,0.056792101700449425,0.05607330906922497,0.07116783789057389,0.17750683883232782,0.05478281401817828,0.05514178199816337,0.06034636055754851,0.05139953574717087,0.05168613181852892,0.13633781464459693,0.05316130641119365,0.04019292166195399,0.37185471298540096,0.23342128971516962,0.04550587980744351,0.057602360994890425,0.04857941422448305,0.04576112492013984,0.05811081435335578,0.048633795648634334,0.046049557543073466,0.05770346855783505,0.049022606881472884,0.04566970064241347,0.057448008197445354,0.04887285404137328,0.044549845619673054,0.055306434091199536,0.048382081778928866,0.04751861254658627,0.05774761374192963,0.049939264963766786,0.04611479598193331,0.05562210100331124,0.049240376899966395,0.04627214490447418,0.05442117038502529,0.04944091101606981,0.047824169406847195,0.05558724446243722,0.0502716719308831,0.04796275428202457,0.05413881006023914,0.0503645675685081,0.051122737760776894,0.055697543796603646,0.051949758172284886
4filter_1,,False,False,brightness_5,0.0854144171058177,0.05576996034637941,0.052475110553237496,0.09853159849911586,0.1287760933778153,0.051910734233349805,0.05292378993387066,0.056672013085454116,0.05057069055650007,0.05084861480291272,0.1629048398784295,0.05227604663847092,0.0398388692540889,0.2842892708994442,0.17718133664601723,0.04333322079614725,0.05475584072609808,0.04650644081119031,0.04252971346526945,0.0537244740096387,0.0462637550960443,0.04438853591770733,0.05535837420236154,0.0472982905964712,0.04396884012308156,0.05490943352596185,0.04725303541524241,0.04266086978245252,0.05233012342058921,0.04679276902598033,0.04624390364727716,0.05590644814729646,0.0487192948019635,0.045812689864977586,0.0548864583523201,0.04850583032646322,0.04641699788424377,0.054252973724077024,0.04894569778672259,0.048199987097187404,0.05570765531937772,0.049881957043304496,0.04853348067316217,0.05459607368719462,0.05007024929771002,0.05102174095288815,0.05542966484921442,0.0513651356047426
4filter_1,,True,False,pixelate_1,0.09858970284670435,0.07320343829942474,0.0716747435695828,0.0862546315070269,0.16576519548756272,0.06750918884705488,0.06693913688169387,0.0720203064635005,0.06875322353070215,0.06899226603848503,0.12989782946846357,0.07021752952241174,0.04477797828217673,0.25591736963384604,0.13400587366203193,0.0616832343710798,0.07584063942570603,0.06760808013297157,0.05638387189998928,0.06912358251683792,0.06486639356557383,0.06198769317504176,0.07559926535671929,0.0679499105094839,0.05945343522937409,0.07312811134324651,0.06719357198194537,0.06042116060023607,0.07305463610788157,0.06726190063866498,0.058536429344403416,0.07002374377891923,0.0666992395894891,0.06266712731090925,0.0727558955543661,0.06793080061213576,0.06056376184479325,0.06898523285389375,0.06721550276600358,0.05940035207752334,0.06859604798100427,0.06727405739595069,0.06146469898219276,0.06916268466402355,0.06837848206371637,0.06637054524198899,0.07134682201182126,0.07008503258245619
4filter_1,,False,False,pixelate_2,0.10352322836694852,0.07316455064219121,0.07107213138312245,0.08527669419852701,0.14087534848696462,0.06806007167058199,0.06768964944244145,0.07296598626190275,0.06768666742638943,0.06798233147815184,0.0865449653779604,0.0694954232188967,0.04260711384960968,0.2550561952177834,0.15294708914777053,0.059457713725685916,0.07387442263209265,0.06475163290219949,0.055438166619403144,0.06909374158420836,0.06328004592678912,0.05969036013841598,0.07297877412177539,0.06482919512371957,0.057452342886426574,0.07149838345075861,0.06427971855171974,0.05865381481823962,0.0709091780307193,0.06428962197075305,0.05762835402388223,0.06953963780515189,0.0642765058371795,0.06085807193578815,0.07127855304979391,0.06539258528581447,0.059158758085086485,0.06785045548090095,0.06457171306183944,0.05842512478443152,0.06775634065731612,0.06470327738182137,0.06082780122700146,0.06898832423485442,0.06603236973918782,0.0646067762353516,0.0697468461826554,0.0674696197593821
4filter_1,,False,False,pixelate_3,0.08632827884594566,0.05879619583981822,0.055915432277919765,0.07991378602281672,0.12039777031456327,0.054596011593069725,0.05404349943983343,0.05837812997031385,0.05391144338359933,0.054173524534667325,0.12031468109117066,0.055517819322476014,0.03353590923793253,0.23090241552579374,0.14948533516601697,0.046912676785046035,0.05760202746397824,0.05130276513418044,0.0446866530049295,0.055154829045330526,0.05023022319995219,0.04682841576913157,0.057330350327638974,0.051130490824928,0.04542427532337553,0.055964565559752016,0.05078790138426232,0.04520256847054573,0.055294713689925216,0.050614564160609284,0.04514147259035223,0.0544358110186654,0.05088065883428367,0.0473384003899655,0.05696454758149998,0.051654995336932304,0.04541629910255929,0.053318953881292576,0.05090984186628976,0.04533827446890676,0.05259693808918075,0.050936062945074745,0.048164822123224975,0.05453474094267846,0.05231843037747386,0.04883782090341725,0.05337995224927124,0.05255115722688699
4filter_1,,False,False,pixelate_4,0.0856821301553665,0.053876659255704465,0.04665906174651882,0.07912964273923487,0.11409025154550627,0.050496271506497374,0.04997078402344348,0.05396829564196486,0.04807009424797589,0.04838399571135513,0.14201899011072155,0.04998956550598154,0.03349412317538538,0.3117110892450469,0.177394795360627,0.04510299653513457,0.0544002213610184,0.04619817713655873,0.04560484969437301,0.055665898639875484,0.04643235241842198,0.04487414258104931,0.05431043983269834,0.04634878086569261,0.04432969958254743,0.05404469022941269,0.04632798911782718,0.04337542058269606,0.05264253623609494,0.04589558308246847,0.04350861956790373,0.051964902910747596,0.046122747586669184,0.04460581693265924,0.053405860314069506,0.04686138338272062,0.04285025207890941,0.050077417668760275,0.04594138547174897,0.04343732615800382,0.05039776330151161,0.046234154180369434,0.045463848988905424,0.05160796385822335,0.04731766056385277,0.0461592167537581,0.05054125654738331,0.04772027176018024
4filter_1,,False,False,pixelate_5,0.08053755461436786,0.05159045578369948,0.04320995349573713,0.12210603136500572,0.0749673218165764,0.04793351780309861,0.04753470384262491,0.05048440326077246,0.04623760418339929,0.046527821628417496,0.17290198765755457,0.04801066845474381,0.03161211999832586,0.27530839338430446,0.1482929542992652,0.04492446611383936,0.05431117596544575,0.04495824679872183,0.04538634883390666,0.05538992845579893,0.04525169407676579,0.045026471925344265,0.054492761079346294,0.04532621255358205,0.043679802075522446,0.05320134808792658,0.04493037612541685,0.04288182054285652,0.05187732786338801,0.04463148928528416,0.04268397513319482,0.050825439092818496,0.04466770290104409,0.04386024249692811,0.05234879364381062,0.04544342171160743,0.04213911615419341,0.04907559379495224,0.044594375656285296,0.0428440084976131,0.04955080596986722,0.044974127174116495,0.04474867339163429,0.050653534561897876,0.04600990513305676,0.04538864383090967,0.04958091017574392,0.04633774561400707
4filter_1,,True,False,gaussian_blur_1,0.09196105862655181,0.06082872332190792,0.060362740370967644,0.08418142359736061,0.12797321275581375,0.0588890810167118,0.05831496035946138,0.06355689096376846,0.054928744267256135,0.05524954370886936,0.12078029099754171,0.05688687167777882,0.03999634780008583,0.2235787570822981,0.13783764396637951,0.0506164872129907,0.061729985260461126,0.05281494331325623,0.049122280556813724,0.060252863240313245,0.052010425715404464,0.04982369190178924,0.06056756119608065,0.052616687864552945,0.04854198142671478,0.059467689786456675,0.05206440932155716,0.04855934453020695,0.059047681022871064,0.05211030060959513,0.04864663569442592,0.05825311634372595,0.05223980591834791,0.04983813205582967,0.05963235551717723,0.052990899052451836,0.04879771545582616,0.05697388387066129,0.05248310161468914,0.04934198207650685,0.057009082760945635,0.05270008323500958,0.051152577395521724,0.05776083324763048,0.05366460928052232,0.05336392730615995,0.05814364640019805,0.054813017149526924
4filter_1,,False,False,gaussian_blur_2,0.07401556791477264,0.047357881555767596,0.040113915042149326,0.14728709734460635,0.05469901333792001,0.043411069301709744,0.04303005939872947,0.04612078157334389,0.04246999378048015,0.04273485614324011,0.127592540765086,0.044088339457903074,0.028976435892591912,0.30083657090864796,0.18612876600896594,0.0419869557553139,0.050737854988110564,0.04159252563963169,0.042691495956832116,0.05219900842661275,0.042038333013761864,0.042195524082102524,0.051328418989961745,0.042065870949401694,0.04120239980524191,0.050410418648788244,0.041781243565482566,0.04039283964376093,0.049077760179111106,0.041433900456251595,0.04048539529440875,0.048451706110285576,0.041663176741868084,0.04083973780469993,0.048919630047304236,0.0420072818991156,0.03979332765688288,0.04654279578289982,0.041492013558496806,0.04031848157839124,0.0467636327799924,0.04179295967600625,0.04174198992733665,0.047364589044083305,0.04259151654014887,0.04279593690196071,0.04681958460193966,0.04311981691284731
4filter_1,,False,False,gaussian_blur_3,0.07047721965752932,0.043671948337091114,0.030662733253228637,0.09864134751767059,0.049571468705430576,0.03877144225243008,0.038012391374559105,0.041390619117923355,0.03884020056788938,0.03910070155210916,0.10750486273003912,0.040434434858630845,0.02539206284412472,0.23094573657199172,0.21096428628506514,0.034105001605370305,0.04212890725451977,0.03571058887862341,0.034734574202253274,0.04335594313662247,0.03607093444534471,0.03451445226919333,0.04284477546004366,0.03635711590919675,0.034254019724594006,0.04296512568408177,0.036445679097961516,0.03405791262553945,0.042487236332360644,0.036504160546057915,0.03454989124295374,0.04222784670714128,0.03691968642922221,0.03480493872319995,0.04249220761325334,0.03719623259871422,0.03465503736459783,0.041358719003500376,0.0372075312586399,0.03509193513365148,0.041428483608211705,0.03747826130587971,0.037085126470711986,0.04265373546659142,0.03855567124637659,0.03857190293902041,0.04258195422370513,0.03930302146804685
4filter_1,,False,False,gaussian_blur_4,0.06503039011060611,0.041309492003773866,0.025751823742865297,0.059621579788739096,0.06077301997532872,0.03653578480655985,0.03562254344106811,0.03949111137485608,0.03691929026093199,0.03715740469601075,0.10776976540756143,0.03837388293976867,0.02418482831450712,0.3434239700386077,0.20368658741766688,0.030398635681457193,0.0372520866986328,0.033086414208907775,0.030813989380623977,0.03799748919095758,0.03327574280065973,0.031093601704252488,0.038282914878327225,0.033813261723819196,0.03081824057128246,0.038357065327423966,0.03382323505561748,0.030649193221844607,0.037995599686629584,0.0338744778144728,0.03161800955585834,0.038374646017130004,0.034504164065427036,0.031966299829744936,0.03876411872753646,0.034814727577414176,0.032113790502869034,0.03815129496781432,0.034966147215481254,0.03240141357454429,0.03805925416481774,0.03518729505392475,0.03432495067780943,0.03935757596135451,0.03622089830000391,0.03568285640477935,0.03927420479077926,0.03689394724073019
4filter_1,,False,False,gaussian_blur_5,0.06216491490170297,0.039937459800132455,0.020282067825882405,0.05491074030561818,0.07772898998015212,0.036493474769584276,0.03431034554467787,0.04113837693436734,0.03570160066081055,0.03593245763959496,0.12542093296954374,0.03710989357518061,0.024827691433521853,0.38173277323098415,0.23175524067956504,0.030413600831968018,0.037727654953355234,0.03262791211290618,0.030600467571291475,0.037962328737291745,0.03261998648571658,0.030978469678726726,0.038430567033698154,0.03317347839988392,0.030446095486461315,0.038161615774846405,0.03307625690118558,0.029709907403318837,0.03698065444715282,0.032882926088480514,0.030841691500342217,0.03765369310408261,0.03361310713273455,0.03114293728723309,0.03791725172705525,0.033859236077938365,0.03122874734683733,0.037246969575116695,0.03396915341027706,0.031213474978117817,0.036741601702393996,0.03407152663740182,0.03241453432151445,0.03720059860251813,0.03469444298944705,0.033238544950143833,0.03659523447078717,0.03513312982396372
4filter_1,,False,True,fog_1,0.08012387915978285,0.051597012931938635,0.03869373585815928,0.08366650106037321,0.10544299377927156,0.04511073499955777,0.045328063478240144,0.0471062594439406,0.04633354578716547,0.046618325858153474,0.10859640234114176,0.04807458449342389,0.0331453595714615,0.36955823139065663,0.27047835566457135,0.039990285370585035,0.04940020652958156,0.04328740021801153,0.03928531522238657,0.048714925411642324,0.0430938682691454,0.04044737889199304,0.049933510580433244,0.04379346485170708,0.04000986973897211,0.049960317840032784,0.04359752356209641,0.03924796868838374,0.048404353664944146,0.043151680788768694,0.0392538127060169,0.04766096547975352,0.04334430166992303,0.03967929902445943,0.04796150275599608,0.043553529459187106,0.03932202592778239,0.046295959312712846,0.04344268587114022,0.04052173994030155,0.04722706400270046,0.04402981189605398,0.04051528092972754,0.04599510061790932,0.04406657066787374,0.041391342605481427,0.045328649351177704,0.04455184763443349
4filter_1,,False,False,fog_2,0.07401805159577862,0.049252392757010786,0.03243839749743788,0.045444961365157015,0.124298394478308,0.044131362989483655,0.04308900088861408,0.04970985590224825,0.04458482055350827,0.044839413795702235,0.09976693853199821,0.0461372978516186,0.03304259930247576,0.3098609479832134,0.23122264784780808,0.03683254008576106,0.04442003195914729,0.04015722332289294,0.036008789367964776,0.04364278142936355,0.039856301813629966,0.03689884496838306,0.04447922368620777,0.04048359927963336,0.036820617108045434,0.04467834271360663,0.04072917382650249,0.03634316030823402,0.043653536810324495,0.04046659969079886,0.035660890799912776,0.04237705754017535,0.04044947203771268,0.03563944913976044,0.04222511345485162,0.04050404154919786,0.0365440005395695,0.042337603223406864,0.04100203571198453,0.03797068118144195,0.04369115289076469,0.04179270711408123,0.0374979568316678,0.04222819238563211,0.04154203112926081,0.03857803188911277,0.04196819543025464,0.04214783974172769
4filter_1,,False,False,fog_3,0.08192396902925403,0.05394980563455263,0.030444768811816427,0.06272031992665468,0.10555430433857163,0.046094120848959724,0.04555329717565269,0.05353718995606074,0.04870604302327144,0.04899166428666626,0.09539646140162075,0.05044843688842755,0.03471992917713118,0.37417474901117614,0.20557248187796978,0.03562838286832999,0.04322672529466234,0.04115766637356239,0.033993050137696164,0.041410419721218006,0.040577622023993024,0.03575636422752151,0.043357833316096266,0.04179241166740003,0.03577697368028748,0.043717368516383935,0.042036273398813384,0.03598168897227226,0.04361601827049364,0.042307300954953095,0.036368538768120164,0.04345581478579285,0.042759424687206546,0.03626542238176216,0.04316119863101999,0.042878518412484745,0.037053814876497504,0.043204513342237086,0.04347687919934215,0.03920429714495451,0.04536942697647372,0.044640753184845484,0.03830009204680746,0.04326813812206949,0.04429755635038054,0.039483409999445,0.043070409189862754,0.04498056068341176
4filter_1,,False,False,fog_4,0.06740205395719928,0.044027117711746014,0.025058711981588086,0.052064553350717364,0.08489976842835131,0.038870466308912506,0.0383607182984435,0.042846610889269374,0.03975546535836473,0.03998723331342541,0.11902885616212505,0.041170882715376354,0.027441862902897567,0.4140786998987608,0.25201258910597235,0.031077594746418427,0.03819838730655252,0.03478085964804562,0.029649536842958246,0.03657753018818615,0.034360821998015004,0.03152186015122516,0.038827401207644545,0.035510247109021766,0.031012771585414437,0.03839410115836841,0.03542428672982385,0.03159750392575736,0.038820301206717076,0.035836804241595896,0.031041102784068936,0.03731726613131833,0.03573310256422304,0.031392745108473834,0.03761313708822447,0.03600787155199955,0.03299576965630372,0.03864790783985245,0.03688165183906934,0.033786670023503225,0.03918524797020683,0.037300143800597665,0.03490124845961846,0.03951986061344656,0.03791230580977811,0.03546610736830408,0.038670550147626916,0.038210535385692856
4filter_1,,False,False,fog_5,0.08375209008593808,0.0530154459501199,0.023835841174883406,0.05081195631848279,0.1297391249221018,0.04506716430061465,0.044919077392192586,0.05189170240599409,0.04720851737605994,0.04752385936487454,0.0981199313630662,0.049134407515885735,0.032187472674601446,0.49841710001632655,0.33146906744119337,0.034044601445403375,0.0419774321470776,0.039711145193706596,0.034671470404506875,0.042930622373360976,0.039886939598566255,0.035978567507505596,0.044497903223539886,0.040963119782626296,0.03517964410481598,0.04395071905189337,0.040881397740197965,0.03560784537959551,0.04420740352257077,0.04135377127056587,0.0347481453235609,0.04232571561671802,0.04122011035898782,0.03458282161836928,0.041938835290781976,0.041161128021673356,0.036723291328997314,0.04368418918608371,0.04256261574385953,0.037274312880973416,0.04385696579333256,0.042833247316500525,0.037652460354275934,0.043105989187801244,0.04311061954591536,0.038410334906305084,0.04220857487191063,0.04357571084040366
4filter_1,,False,True,contrast_1,0.0768807027287002,0.05069486829355874,0.03797755536521676,0.07964174631677137,0.14600335511732393,0.04499826558580684,0.045515049227174316,0.04821177405427881,0.0458790763517567,0.04613954795769453,0.14173471237154234,0.04747159023699261,0.033157083185710916,0.26090718527722667,0.226537085153974,0.03926845515006901,0.04832121154452556,0.042151504511169294,0.03776124809485246,0.04647933228112008,0.0412483836596391,0.039938462983418695,0.04919560615494885,0.04273050607719243,0.03878186286270604,0.047938795743463075,0.04218622338049975,0.0384732081168129,0.04683902769777569,0.042183091534666,0.0386580698113284,0.0467234137010664,0.042507647927951864,0.03876023823808681,0.046460013082024604,0.04259703276207146,0.038569490104934954,0.04493275467079585,0.04250973944841146,0.04022326722705622,0.04632557823206247,0.04340416274199973,0.04066832497745982,0.04568620448858224,0.043723308866798254,0.04183791282189064,0.04550404661822233,0.04441950308288086
4filter_1,,False,False,contrast_2,0.07241649708105471,0.04909871509061811,0.030183869926941755,0.03807188467240353,0.1588944378508682,0.04239563049602861,0.04205343494362926,0.04775040273371765,0.04469361517384309,0.044934049806746965,0.10322680839381512,0.04615938032885954,0.03180339541480037,0.3834870487658877,0.2586306983319431,0.036454567117995634,0.04384860779401531,0.03970952820427658,0.03498921082967509,0.041979071710286024,0.03902707118524221,0.03575889200888572,0.04274652052437929,0.03970776003065894,0.03526900411651977,0.04230899295704204,0.03968444902388874,0.036261470955142774,0.04313320373401131,0.040305532527117736,0.0353516700691965,0.04155364141684694,0.04010723797066404,0.03504973849749706,0.040968514481296674,0.03998527773826756,0.03649592399721849,0.04182358430308608,0.04082673598073264,0.037326899836823475,0.04239524501053418,0.0414167638897056,0.03748764509791912,0.04167894957663334,0.04154746887703679,0.03743502739749593,0.040331824688553036,0.04161780205249175
4filter_1,,False,False,contrast_3,0.078950714172182,0.05042674176976208,0.02080287661347544,0.05069282818222621,0.18629166895289778,0.04374781052104274,0.04247209475264677,0.050458523836763455,0.045003775680391885,0.04529915722669014,0.08429237234659484,0.04680602963449115,0.030609924003302532,0.5088783702019299,0.31501359578013766,0.03252935467768108,0.04011228237693995,0.03771630093607598,0.03125935647863726,0.03861314135049632,0.037146667141129186,0.031763692082990194,0.039138233164031776,0.03791303875926553,0.031881394998320316,0.039586425920382154,0.038083539670967594,0.03318137065790912,0.041120971365659786,0.03900357283017669,0.03321136753992636,0.04040441699644546,0.03925006212684202,0.032500183174512205,0.03921661687328727,0.03893942955853612,0.03468502692282762,0.04107874902075337,0.0402202521749928,0.03468298561157491,0.04066550243105114,0.04043195567286074,0.03503917484942578,0.03998257596452477,0.0406573347837465,0.03543020623267201,0.03880631820939227,0.040860986886124696
4filter_1,,False,False,contrast_4,0.06542502018528161,0.04126624831064029,0.012315078129878212,0.0456952863776224,0.11276978619275926,0.03721340672286131,0.034116453118532654,0.04365088428443397,0.036575669719707174,0.036831243599703266,0.0976113348419921,0.038135145812910644,0.024758602174477423,0.4274727485732976,0.2722458605515318,0.02684575356424487,0.03366855794172482,0.030537613115720147,0.024768841951568938,0.03120316047328718,0.029557107791553114,0.025686859351139353,0.032311534786261295,0.030568688961412425,0.025786383979141157,0.032785633985583595,0.03074456292526991,0.02620563576594551,0.033213514687280794,0.03129483276651744,0.027516203460701303,0.03411307466539165,0.03212117000834528,0.026828790085648386,0.03301776591638127,0.03182166113887382,0.02788429692887144,0.033583189969354416,0.03251774592307321,0.028415252667259323,0.03382113810863407,0.033010577990998255,0.028666972275989477,0.03314576915516444,0.03316026577132396,0.02945973029150855,0.03253139657598926,0.03356199076055519
4filter_1,,False,False,contrast_5,0.058849534658252704,0.03681018943783909,0.010064642629299991,0.04394116277236234,0.08962012697602667,0.03262087937203157,0.029638392722107863,0.0385562702136935,0.032594578270160816,0.032823685284290575,0.07972245907732613,0.03399359138112472,0.02244634569829096,0.42445370011691136,0.2895891305005594,0.024716880977308394,0.031120343144003148,0.027746477803692146,0.022603162577481812,0.028579797790108347,0.026744464663218257,0.02386928575010086,0.030183206292773206,0.027831150733215616,0.02351025141100689,0.030117371696684755,0.02779239910145211,0.0238416213519134,0.03040053741992046,0.028245818504415626,0.02542124597802823,0.031704833396965816,0.029147118026970214,0.024855255810240624,0.030787141500946094,0.028918323514538945,0.025336172681420247,0.03069159439922427,0.0292750429523859,0.026110113151153417,0.03119885760081021,0.029845581545015983,0.026423864124406306,0.030680287373117728,0.030014806280577098,0.027373081219518636,0.03032899251300798,0.03050324850492902
4filter_1,,False,True,elastic_transform_1,0.09379008049028428,0.06811719696710793,0.06716526072237591,0.08000838589774786,0.1681191284599376,0.06425334629313857,0.06303010738395254,0.06608467070593448,0.0634722487009829,0.063767388384243,0.15940895391478074,0.06503780923174728,0.045522015465628916,0.41288270322812215,0.1774611944563324,0.05790199711787848,0.06893497856174761,0.06152593128815596,0.05578844069519012,0.06634698459587526,0.060423744604368834,0.05715571492432769,0.06779199117924234,0.06137719743106654,0.05469602827664175,0.06494968556484705,0.060309461344598685,0.0548492287740727,0.06483574900240281,0.06042954547323397,0.05445644153193094,0.06338653355326244,0.06022395055171686,0.05574032505623311,0.06471179177022401,0.06080202546493712,0.05501293679024232,0.06260083005789396,0.06060326546860215,0.05420683878312356,0.06117802134929778,0.06026434081331251,0.05561247318097717,0.06155258727888401,0.06097855350689417,0.05655400419378186,0.06080187229541029,0.06132635122146029
4filter_1,,False,False,elastic_transform_2,0.0907117479033352,0.06602610112813877,0.061649417338937126,0.09468427842624277,0.18004509177739697,0.05994459459843909,0.057595633467287355,0.06274960802624688,0.06071083782398761,0.060996138146121474,0.1348730303748829,0.062459488775020194,0.04134688437745188,0.3975935248997805,0.1951881788427118,0.049813390279843085,0.06305561828444786,0.05677174467079838,0.0469640846627943,0.05956455356643004,0.055835828878695266,0.0508335030393516,0.0631062456128268,0.05699449168131127,0.04901572611875803,0.06155750841965264,0.05668749315006272,0.0502120535214387,0.06177225263529673,0.057025018694731616,0.04853339067527679,0.05902046301357367,0.05652487205900864,0.0519900211901996,0.06139394331225064,0.057307735802340345,0.05035729535441671,0.0588866895339196,0.05687448680859137,0.04865473340520895,0.056334589677111475,0.056581568027386925,0.05099068374672531,0.05776282668462688,0.05745897495550683,0.05456613663046532,0.059083326924327974,0.058719989608884894
4filter_1,,False,False,elastic_transform_3,0.1015261190698025,0.06432662798627858,0.05376612884643704,0.08100014959054284,0.20167034302586415,0.0603807416985676,0.059447450526602455,0.06620552442354379,0.0570243907864428,0.05741857858688815,0.14334743442691186,0.059436357821963534,0.03742098143850926,0.2962154634433489,0.1473671348592561,0.052201352139166456,0.06600005420174572,0.05491006509831617,0.050818828374436395,0.06450414249523273,0.05433623046906814,0.05275119591588062,0.06662492908079655,0.05562443965896094,0.051766424106196696,0.06574207924012375,0.05500709226588868,0.051973482948332206,0.06541223122771735,0.05517552443893882,0.05095566803001348,0.06292052443991232,0.05468032087683746,0.05123633090514679,0.06290157656547944,0.05495985451609218,0.04904141176819438,0.0585880282049048,0.0536316188007655,0.049979917948453224,0.059227445077538396,0.05420177327176862,0.05122164118258316,0.05877249967973642,0.054797995379015495,0.05477425878370264,0.06052959664317328,0.056604284659738574
4filter_1,,False,False,elastic_transform_4,0.10304308931534394,0.07347599666894254,0.062030816032395845,0.062190490881684705,0.15771026957636292,0.06542839168266354,0.0628994890253922,0.06873639105212528,0.06805845242270299,0.06834985436601418,0.19932437958794108,0.06984318085850134,0.041197770180009786,0.2380850156976871,0.17537164220706797,0.06557984657284809,0.08222810739074135,0.07224201706783365,0.06385149307209684,0.08058771069301135,0.07206875046495939,0.06288075206764719,0.07829825192030113,0.07131563702912624,0.06290797382645667,0.07883602013762991,0.07041416524280568,0.06435588236517191,0.07989904618668496,0.07053513003632515,0.05918553917029939,0.07204676069289072,0.06943318098433596,0.06359174130451148,0.07684060291605711,0.06913155122191239,0.059774996640820956,0.07064157663980442,0.0689621422218838,0.059153024260255156,0.06899354229264848,0.06838622232919146,0.06121628323579148,0.0695359563413738,0.06929789058991491,0.06450547947862913,0.07045425926037457,0.06791623706755961
4filter_1,,False,False,elastic_transform_5,0.12805155021585962,0.09126835384049922,0.06205402146077444,0.0935413602711313,0.2314305882259946,0.08016817343186093,0.07755091866481975,0.08890936161055585,0.0823423984939227,0.08284104967793314,0.2170010357186034,0.08538942400429059,0.05303776247735821,0.2691780888595919,0.22298019813094114,0.058000264333839334,0.07457064470513254,0.07041355373145713,0.05271621361378719,0.06797068427079767,0.06754262314602158,0.05821173458863379,0.07446874365635374,0.07112865294567244,0.05647115599614091,0.07291373400314041,0.07054274535905866,0.056874379611267276,0.07285331102489619,0.07097253239151462,0.05328220823183962,0.0666777039241348,0.06914224644905725,0.058402154587637284,0.07263369722212142,0.07201116369064631,0.054526513907525664,0.06612520490403502,0.06988039466676467,0.05487324829248612,0.06574887044946377,0.07034042767702339,0.057660938135250465,0.06706093565641942,0.07184488592593474,0.06353861560331119,0.07068582606095428,0.07503473211701768
4filter_1,,False,True,saturate_1,0.08270479952134792,0.05744621693983074,0.0568194298806534,0.062034727581219175,0.21305878376397672,0.056028550343338174,0.05505272198002369,0.06181825432436804,0.05305129683561103,0.05328499874102181,0.12828090807010417,0.05448794377085191,0.03784974419905804,0.40567649248975957,0.18640876257473044,0.043659235148900105,0.05262794311214435,0.049917238337000444,0.04170616724722952,0.050604996015602206,0.04933600148700789,0.04456027171794389,0.05362629287839838,0.05011602191759117,0.043203451485261765,0.05215506518049418,0.04965601035110291,0.04332106585833136,0.05189458998473144,0.049681010010430474,0.04292071457546726,0.05047255799930838,0.049657734986370404,0.044796117253650465,0.052601989925754586,0.05009448617454901,0.044870205690124364,0.05128167008724425,0.05040075233166984,0.044046331520319414,0.04988206426799708,0.05023369176545839,0.0459135698088806,0.05093059825618276,0.05088029550104675,0.048128204671753924,0.051707921069623915,0.05189345481319705
4filter_1,,False,False,saturate_2,0.08188993091540803,0.05589614848551415,0.05381424925802682,0.07531752888564357,0.24591593473664472,0.05430262444724386,0.05302056392796507,0.06064382324678572,0.05147587628574839,0.05170947316180809,0.14594363451990774,0.052914647148201245,0.03700277497569531,0.2980294244407522,0.18617229785093134,0.04275566740480596,0.052158492826429266,0.04866079947447277,0.041697895722288894,0.05105435212773674,0.04846727580514784,0.04329439408231784,0.05243909639546841,0.048690789288835176,0.041910818614006126,0.05099899873527439,0.048241834736391195,0.04143498969172606,0.049957309981434786,0.04796925588393734,0.04178010295556999,0.04940111262669248,0.048281757523995245,0.04260633501068775,0.05010185060566172,0.04826589781307755,0.0429898645000333,0.049316679750900407,0.0487251295647349,0.04263121440368748,0.04847537212760539,0.04876490300906937,0.04395114533600451,0.04885734008051406,0.04914528986705353,0.045563719465862636,0.04898104371066382,0.04982408151671011
4filter_1,,False,False,saturate_3,0.07440844749136893,0.055573469487457054,0.053740498439582,0.05846874964349292,0.17749372632253158,0.05583609316609976,0.05573445258657426,0.057291226932222175,0.05222511909786033,0.052404595157733866,0.12490567378980204,0.05332527670728373,0.034414200728565866,0.29043089776874015,0.1686337398726417,0.04757916052320507,0.05607493408699522,0.04968940980433836,0.04458293387314553,0.05249572473249578,0.04814283941804757,0.046376363754296254,0.05434830321656615,0.049624972063854064,0.04398739923101716,0.051485166121773916,0.04842319440554194,0.042969790526919384,0.05001196892019444,0.048221112191619675,0.04299206164321329,0.04905662109628664,0.04811618185886802,0.04454196578809119,0.05087728355797006,0.04916290381526932,0.043695633170926965,0.04888184441320346,0.04865759662625515,0.0433473288276835,0.04816208502440755,0.04857600722785926,0.04518006066541263,0.049531697026731436,0.04950583767694952,0.04775813491801261,0.05101467457968147,0.05082904737951351
4filter_1,,False,False,saturate_4,0.08911336095505513,0.060945303153101864,0.04944944901079911,0.07726122925632001,0.23052192940628566,0.06750623585836853,0.06571800188538987,0.06849564475146913,0.05580583255728593,0.05608341744658966,0.20166722291125322,0.05750375180499451,0.04355326918744432,0.29803552486531093,0.22524898753272107,0.05864082904227605,0.07128891069054404,0.05767586570679416,0.058652321204552806,0.07134413363870051,0.05769740019356802,0.05751907199597405,0.06958840552714919,0.05722633399098167,0.0559319458306841,0.06792252681980146,0.05644296303171543,0.056110761920656074,0.0675868306076883,0.05659484699993791,0.05668696051939808,0.0671430708547284,0.05690319785393833,0.05642216887312991,0.06647552247109403,0.0567913491574843,0.05650223159044669,0.06499151404757252,0.056822248606242784,0.05730558619700538,0.06551999917188377,0.0572504166217656,0.0579420608686547,0.06483351862123517,0.0575715812226163,0.05834575252583591,0.06298204000817527,0.05767671959027788
4filter_1,,False,False,saturate_5,0.09879286751172404,0.06423098532972103,0.039916781303170584,0.09839755027631249,0.3309956197529317,0.0738571320547005,0.06806973338242424,0.07680099924412234,0.057883454936633764,0.05822673587251689,0.30357330305940045,0.05998237932393327,0.04071187827114814,0.2616954692856842,0.16182313120943992,0.06010323210271839,0.07570724189733753,0.059120722353741266,0.059731163100422584,0.07525195536539214,0.05880690640076496,0.05927326069978386,0.07419374153920705,0.05897279962383128,0.056126067099034234,0.07062388966607039,0.05756610787912868,0.056255421042170066,0.07011229342861207,0.05763328416975116,0.05625762066736603,0.06870686466581871,0.05779605333776771,0.05442661310253081,0.06608839843189315,0.05691595683270407,0.05527749847385782,0.0654591454911024,0.057375118414362054,0.054374923367641145,0.06362131849628287,0.05695824064581852,0.05590555428134255,0.06378236344847804,0.05772309921303651,0.055449148933596586,0.06075315233569532,0.05751066598368615
4filter_1,,False,False,shot_noise_1,0.0941144430006248,0.06813904138575187,0.06338624251210564,0.07784485029585216,0.18869318373489796,0.06880782073150699,0.06660679926313876,0.07202384764857167,0.06372903414421072,0.0639646200264442,0.1300166590752108,0.06517435698670077,0.04731475803347785,0.38576718909386815,0.1975068689369974,0.05418255463831719,0.06275957681879388,0.06027582321250226,0.05334261253394487,0.06213202659660626,0.059842914398083605,0.053998370181914127,0.06243649713405087,0.06005721252565658,0.05332055336028145,0.061743354131248235,0.0601145419437374,0.053887495858854904,0.061782661180234046,0.06026588778415837,0.054800728624169535,0.062393521934189664,0.06111968533664444,0.055511617473989854,0.06287746043715485,0.06083969906670193,0.056556898951074526,0.06303123351249848,0.061714853813603546,0.0558888182384185,0.061828573358982696,0.06171766315006156,0.058448219168936257,0.06368894902033942,0.06275402481177557,0.05833389364320736,0.061990045684746094,0.06256113233026055
4filter_1,,False,False,shot_noise_2,0.10185542625390921,0.07289094032634647,0.057786711256231915,0.09633532622731256,0.2297223551239896,0.07338816685021507,0.07023317618849469,0.078627424398456,0.06749832542978187,0.06779299743136255,0.20667647211779488,0.06929369202095549,0.05304354197714641,0.3784957457521532,0.20166737608512844,0.06204713062787543,0.07202472302626158,0.06490537249121303,0.06478631010802742,0.07588928365677704,0.0663074812021935,0.06280432511671331,0.07290198014576398,0.06532573036247528,0.06370920083735628,0.07443056552826198,0.06596372125730911,0.06337604160261512,0.07363127100704929,0.06591592628423538,0.06289109587763954,0.07202975520672115,0.06569157265415937,0.06417075923088754,0.07334790793796149,0.06638773450493805,0.06569851456327552,0.07409840977507628,0.06714751302943411,0.06459768365332115,0.07225868386150205,0.06662269463936879,0.06607296674417967,0.07251308655165717,0.06739946324134266,0.06785193559708759,0.07257243920133657,0.06821600215171626
4filter_1,,False,False,shot_noise_3,0.13041128990267778,0.0853223574340137,0.04998588931085729,0.09419104374543412,0.3707746863488576,0.08767133199623989,0.08344524867876578,0.09925395056215632,0.07703468734267711,0.07748289208435165,0.21137001049867032,0.07977512831386756,0.05455821526983135,0.29654057197122563,0.18562605847675967,0.07453381244027503,0.09129601515148496,0.07618732260381449,0.07594035901145592,0.09365140184362276,0.07683889829689929,0.07403467659617324,0.09047807198851239,0.07607995565422006,0.07611852153744246,0.0940470043484225,0.07739609514544707,0.07392666772117881,0.0906842357326116,0.07634972124804781,0.07442973698584017,0.08935959656698954,0.07697065923361868,0.07426065036954335,0.0890168563477503,0.07677154418569049,0.07707211441194008,0.0904709485939659,0.0782735183933375,0.07466293103967146,0.08653679981558876,0.07710053687494038,0.0761868809888689,0.08625451438342321,0.0778212448957868,0.0778198642624048,0.08494969159268925,0.07861815309204359
4filter_1,,False,False,shot_noise_4,0.12769254335481456,0.08039714327301677,0.03102715762173327,0.09757870912913005,0.4387124609060732,0.08452035496046797,0.0788181002318732,0.0927525504791301,0.07169183496483311,0.07216199027713298,0.3118240083795468,0.07456793209133872,0.0487102593703383,0.30696655621407054,0.17464281236957266,0.07530081235709103,0.09363109123109964,0.07330565375902465,0.07921994594371135,0.09961275831429496,0.07526304796683027,0.07746581372460974,0.09610385390187023,0.07457013207393026,0.0782685933757098,0.09829156379487335,0.07538842134792786,0.07753081505766254,0.09695414199547812,0.07508452639769957,0.07374355051438487,0.09007634881551223,0.07356006876864722,0.07466435551050897,0.09075856993368402,0.07387865749675276,0.07870735003084926,0.09378533127149373,0.07620424748366737,0.07283688286767505,0.08564271389150722,0.07347357400871041,0.07657011374870196,0.08775239968453129,0.07531887807718685,0.07705854075920628,0.084709599302036,0.07560386234970684
4filter_1,,False,False,shot_noise_5,0.14582477716115555,0.09054857597268068,0.02521522314477657,0.08592082672743005,0.44494602310341486,0.1042547465291629,0.09271101816011561,0.11540026997538164,0.08019734128655548,0.08075751556849067,0.2961348023957292,0.08362238581302424,0.05245941936855784,0.2542731954563705,0.14895909835627993,0.08316219712440465,0.10464049407607845,0.08207400416610945,0.08563768427993124,0.10839736162903935,0.08328855816741688,0.08351696616911067,0.10450320924815273,0.08248778306301222,0.08570384889190316,0.10868737985919026,0.0838262883624223,0.08289728948021421,0.10421152907248524,0.08238333781892565,0.08063859467309317,0.09923611541366371,0.08143251936554018,0.0813984943184003,0.09958065410216319,0.0818892326759153,0.08441361073474207,0.1009391313055329,0.0834509521470683,0.0800658774287855,0.09470408426567012,0.08141564913480831,0.0822845647587842,0.0945736746043993,0.08258579156912875,0.08267565599058664,0.09116183150029199,0.08285121682915864
4filter_1,,False,False,impulse_noise_1,0.07534918677143743,0.0547859980894973,0.052820744056349136,0.06598888827734929,0.12648953767312368,0.05421377720926038,0.05344043622708774,0.05768444550888842,0.05090712157879528,0.05111369910985387,0.10730522832002122,0.05217591825177774,0.04155190897258162,0.31644361276435135,0.19411498590207785,0.04691498853861572,0.055518476932081236,0.04841056675518388,0.045673427470399056,0.05435688490503075,0.047946367587182535,0.04623163125588625,0.0545101980497574,0.04839779974518495,0.04527132227267729,0.05339690949794583,0.04791696536250918,0.04493807692670626,0.05237742526309965,0.04792290041310536,0.04499111568563667,0.05170821677857054,0.04811234599916214,0.04578672839383843,0.05238368429080985,0.04855412234154898,0.04686340079626367,0.05260368896122623,0.04905374554460338,0.046282405252882096,0.05142627475407317,0.04886624621022474,0.04813635513437965,0.052561420316049094,0.04975491546088621,0.04973798341991593,0.052929864490002254,0.05064434019727311
4filter_1,,False,False,impulse_noise_2,0.11784247065205954,0.08071362702238374,0.06910022580755179,0.06980249490302981,0.2911830651760189,0.08361302371598361,0.08039573003727739,0.08964143176833608,0.07399037619825857,0.07435231230073011,0.19371540215188515,0.07620662662170401,0.05069603209367679,0.28363069303486343,0.1529170081129647,0.06832090342015067,0.08386300336032454,0.07286938599415774,0.06535070639006642,0.08031449824435058,0.07199708701624304,0.06781071130088404,0.08287926096700184,0.07253452866637816,0.06653453219782014,0.08139482759713158,0.07243986049993431,0.06568837031559228,0.07953713215468772,0.07194466069687401,0.06449187138354533,0.07665239729882659,0.07183503625751927,0.06597945371019584,0.07808785909190855,0.07167676718875597,0.065336081814296,0.07562237189374994,0.07189655159308506,0.06404315623657625,0.07322930637342309,0.0716857795283325,0.064964896750333,0.07266087575666284,0.07183268216977873,0.06757602437609332,0.0730785254570397,0.07293734980252076
4filter_1,,False,False,impulse_noise_3,0.10722954616809849,0.07185818407280427,0.05160201519872497,0.07401594103433763,0.23008954004082563,0.07163958560733102,0.0695026036154605,0.07972359462313437,0.06551922287575843,0.06586113938394865,0.214041662340964,0.06761112959167846,0.0498218565949018,0.32975054824343497,0.1996357493097142,0.05894258774745863,0.07017513243298754,0.06235164879293504,0.06147578011134919,0.07405363204105646,0.06359678066022866,0.06018002310316233,0.07204414080243633,0.06313363640648831,0.06137543514309286,0.07389035087592873,0.0638350579711884,0.06111551940994256,0.07313990819997078,0.06375020747092938,0.061261209956829286,0.07214295461985556,0.06398787024059795,0.06088302090868825,0.07134456780924596,0.06375636629150934,0.06373547814023128,0.0735656960377538,0.06524232349099754,0.06175323361070024,0.0704316142562463,0.06433351936548222,0.06380049167753295,0.07132395730767065,0.0653601588167398,0.06469583121111888,0.0699942568353056,0.0657883817162573
4filter_1,,False,False,impulse_noise_4,0.13025639852772586,0.08410861589406854,0.04924903442463158,0.09210064096948188,0.36348883304588353,0.08767063293787294,0.08281355926969414,0.0952107213504658,0.07562876732704331,0.07608673382729508,0.2153993348152345,0.07843018795963587,0.05583291704129246,0.25791299836532505,0.18878629995014665,0.06898805103668482,0.08462284015262461,0.07281335784145997,0.07258861706499026,0.08981113396884734,0.07457459675940217,0.07002958698431717,0.08567546761425957,0.07340613147809263,0.07235077311434915,0.089376826182514,0.07480774644405565,0.07045268197399794,0.08652786890302924,0.07384717581954907,0.07106285461123017,0.08551971384824367,0.07422826653346669,0.07106631394644143,0.08509115472711058,0.07426523727506323,0.07375781486613416,0.08664359401759557,0.07569697875677191,0.07207835273646142,0.08376393524060226,0.0748825370489273,0.07384399261765864,0.08376052408278314,0.07577807252128516,0.07499361596623853,0.08195256362257618,0.07642123784299247
4filter_1,,False,False,impulse_noise_5,0.1262802738071275,0.080609436735138,0.04097115900253333,0.09560833646588261,0.43147922182192355,0.08540905248995634,0.07941432558741256,0.09753816165071565,0.07227834009273082,0.07272833830981495,0.26357148401826164,0.07503074718909751,0.05120397611807794,0.28137151037929903,0.1689791804413772,0.06966687688612806,0.08739578450104618,0.0709106876107153,0.07386452819250663,0.0936660006242935,0.07301186487276866,0.07064787107727702,0.0883497434516604,0.07166615027975375,0.07331197726784061,0.09262172937354206,0.07321209706720301,0.07217229783132731,0.09056533797427573,0.07282419287211483,0.07190263579140767,0.08776899810860694,0.07286220725860575,0.0722370059087213,0.08812971753610033,0.07299252077925386,0.07566097621558543,0.09010286132705694,0.07487911780706477,0.07299779677183428,0.08572927551239826,0.0737360573060949,0.07575918666427106,0.08676001776838314,0.07507971620314906,0.07683851929320706,0.08450360096331777,0.07563512248669575
4filter_1,,False,False,defocus_blur_1,0.07494535772686774,0.04787475881233588,0.04281141705364918,0.12428280491568494,0.06850124974573955,0.04384082266469854,0.0436211316617983,0.04609252992576783,0.043010428619892224,0.04327314396271762,0.1576296592411057,0.04461714261273415,0.031081033363263184,0.35014361722582854,0.24027753062591242,0.041055337898303755,0.04897063867659504,0.041131959865145715,0.041206570715234925,0.049740855573088855,0.041342110625372,0.04089247470529902,0.049021006875330154,0.041441632076223735,0.03980074263105574,0.0480100504464505,0.041218434430270214,0.03888601700113545,0.04658282578455817,0.040814317954343045,0.038934021206767346,0.04604074843701778,0.04104519332972372,0.04006055994489093,0.04754906874991723,0.04180368096456711,0.03838996222366094,0.04448397595465107,0.040971887519456435,0.03931918068458684,0.04529168744886473,0.0414695568710922,0.04087827778310515,0.046123507300249035,0.04233125412625234,0.04184541182275734,0.04564542617385587,0.0428353599931289
4filter_1,,False,False,defocus_blur_2,0.07631827349409398,0.04791948488171494,0.038176136260873614,0.08711115735460877,0.055834631017312786,0.043481406163134166,0.04290503127636444,0.046254754099391414,0.042753645488737536,0.04303280504328831,0.18450341282935886,0.04446083834732589,0.02790741271228257,0.27063368365843843,0.14159220599259528,0.04186778432441539,0.05138711740574165,0.04154395253088349,0.0428261943766993,0.053097718834531626,0.042101122966618915,0.04197985383385026,0.05173121041944535,0.04200764909151235,0.04105951812996072,0.05095470800673817,0.04177306235057176,0.040390559065077075,0.04976184348147354,0.04155554334103018,0.04034139351103717,0.04880275865196881,0.04171487648505879,0.04069000882849315,0.04916829201857718,0.04205935433602158,0.039894615141945255,0.047075485545497,0.04169613320554891,0.04008398749576635,0.04684972526120067,0.04184909578785448,0.04145265434891578,0.047250195626959784,0.04259324844234788,0.04267530468518997,0.04682331557572549,0.043245473594570615
4filter_1,,False,False,defocus_blur_3,0.07179840115295293,0.04427432423163633,0.02889325365809919,0.0715004572734173,0.052877954152012074,0.038982013536904336,0.038566739511716984,0.04129078183374894,0.03931313260115197,0.03958058466405894,0.13788366403405602,0.04094997195622872,0.025837397432035513,0.4281848003085691,0.3083200147961519,0.03354656952280674,0.04170723756208699,0.03553451625664364,0.03407463968027325,0.04272645869133123,0.03586584902520646,0.03425088998453257,0.042752950566245805,0.03641671051056395,0.0338320050729851,0.042690115949766516,0.03645703968583933,0.03347173214934223,0.04200410272964252,0.036440776990664586,0.033928535207263306,0.04160745191649449,0.03687437329886041,0.03441849801583469,0.04213918989455677,0.03726869977195256,0.03449676899041494,0.04127845196763933,0.037424677174063156,0.03464189367678213,0.04098428704765354,0.03757270905933085,0.03698160350477117,0.04260305865129753,0.038796502837804135,0.03848754700625931,0.04251511979466837,0.03956574852480296
4filter_1,,False,False,defocus_blur_4,0.06251661216388224,0.03949515174517614,0.022816346326639085,0.08062132131561162,0.05468104606587448,0.03445179949830416,0.033482782506368804,0.03787743155068293,0.03525281127627783,0.03548278917954499,0.1299148658733221,0.036657900402975487,0.02373362342841798,0.4120002840132513,0.23807166596770638,0.02945469589691673,0.03614894674446474,0.03153628552726637,0.029966279304248684,0.037032549023312884,0.03182168850306692,0.030150861296503472,0.037196751713824076,0.032350872370276555,0.02950906437599663,0.0367653976128433,0.032247899565739195,0.029121796748255248,0.036197950166439764,0.03225040362618513,0.030087206122895938,0.0366006478988738,0.03292062733059905,0.030367010752691166,0.036866647652820765,0.03316491214414656,0.030941626123142392,0.03684898556570953,0.03356079837770982,0.030868896967351275,0.036285163915802394,0.033599250733941086,0.03272987293892207,0.037564794966880664,0.034583044067774835,0.03393296610507516,0.03736154443648529,0.035184524986669886
4filter_1,,False,False,defocus_blur_5,0.05976928820786016,0.03752862889278264,0.01839523720302874,0.058882108409470925,0.06568207451792515,0.033278800203447076,0.03162254990144567,0.03792848784361402,0.0333539422181783,0.03358061377502717,0.14807552033325028,0.03473830747935407,0.022868594252382482,0.43018547023333853,0.24482473880286165,0.029174370108737423,0.03621988578538306,0.030178003916905224,0.02911216521486659,0.036130518475063676,0.03011327985597078,0.029266603512888636,0.03635774043214757,0.030706752732239773,0.028240837892001755,0.03544874232868575,0.030456309577201683,0.027638440546337857,0.034534009446415215,0.0304314822859963,0.028303495515865345,0.0346822613664881,0.031011206993249194,0.02845002922653912,0.034746139993202196,0.031192746103500986,0.0290475457418248,0.03481185775008176,0.03161787065067149,0.028762935687284386,0.03398612707656691,0.03158742104809426,0.03009547995567945,0.034667445921233234,0.03228564837230901,0.030811616750440366,0.03399948855694142,0.03265586481582966
4filter_1,,False,False,glass_blur_1,0.08130615774419492,0.05420590948375966,0.04832041724838202,0.10876089282569865,0.14845763401193787,0.04964832194190776,0.049241845430151324,0.052963980995106845,0.049361682711447655,0.049620137788178094,0.12250773026470801,0.050948561524421954,0.034201138959095365,0.28853452520247264,0.15734441950603917,0.045118677813210994,0.05549818365694156,0.04809871000363111,0.04394324846486256,0.05436637509357357,0.04785026655238487,0.04577483069501321,0.05620931146396775,0.04827411387894165,0.04444420595933412,0.05500154860360935,0.04808653338282112,0.044933336743587654,0.05509182444264352,0.04824468169090553,0.0453803421893312,0.054747177952842015,0.048773051145555045,0.04737214877638552,0.05690680821737692,0.0492765369013562,0.04590985472948342,0.05390002904375157,0.04883498390249432,0.046993105365466,0.05472002456856771,0.04958295963063946,0.04924978143166046,0.055872019464556534,0.050491096668381086,0.05164981953508941,0.05656171982499249,0.05155666087062413
4filter_1,,False,False,glass_blur_2,0.07839139202463075,0.05244467996637331,0.0435257877713694,0.13933038894487038,0.1204160207217268,0.04680798838737699,0.04610753035168701,0.048946281892237015,0.047495072262401995,0.04779554038235358,0.1581147232430077,0.04933334022179291,0.02904937868290294,0.2744999658480073,0.19176307148911056,0.04015030097894737,0.04803465318327495,0.04329208934608702,0.03958863167495726,0.047775305589433846,0.043025613605056995,0.04055933528844997,0.04873860922527872,0.043979501867040235,0.03892376584563731,0.04719776565120527,0.04339441933303485,0.038862383404314145,0.04680882427447962,0.04339683858958927,0.03847085062968481,0.04585244962079711,0.043397513284934,0.040744279468880366,0.048578338209989025,0.04467966767562518,0.03905309197569633,0.0455536829734691,0.04379965155682994,0.038984737650282535,0.04514168420899702,0.04374967002058302,0.04095814593210134,0.04639385081220218,0.04479109797971641,0.0420763861216179,0.046040842440150845,0.04533287150919998
4filter_1,,False,False,glass_blur_3,0.08682477384476285,0.055466966687308134,0.03780790635021871,0.10372071733895752,0.1340656430374363,0.04901234476322706,0.049132100874862444,0.05266879083161555,0.04968774008686332,0.05000080916307009,0.2383495280392406,0.05160093244869514,0.03350492615307973,0.2723084399687139,0.20175849089227663,0.04040870477380652,0.04871660089844461,0.04442014737769638,0.040327727538676986,0.04906678425947593,0.0444815019679758,0.040281968578208496,0.048870501365426526,0.04489979128060511,0.039576410609533694,0.0484396432165669,0.044766647224623396,0.03957274057518884,0.04812280083532504,0.04477820056687602,0.0397047445449042,0.04759850454379119,0.04499222390880024,0.04142415939738575,0.049720642533755396,0.04607544410205375,0.04088071170466932,0.04797037666729544,0.04573254049889721,0.04156132248567558,0.048277627591584715,0.04601666560284897,0.04305334272375578,0.0488787057680698,0.04690916891724994,0.044329005781830126,0.04853406440909837,0.04757366443228239
4filter_1,,False,False,glass_blur_4,0.06686175157677027,0.04372226614883824,0.029897647252619626,0.11660844443331099,0.06374604483542014,0.03876101768829898,0.038541261034960556,0.04225070724897097,0.03944070896992651,0.03967325808731954,0.17828151782163937,0.04086057728460424,0.026807372831708417,0.31088145073786255,0.19455306872320016,0.03397092866938511,0.041195717813124824,0.036010749175673,0.03495056399820186,0.04293623512237712,0.03654644007454117,0.03444367106453718,0.04197699082211102,0.03661906187592978,0.03340939949336513,0.04100769970899586,0.03631096552121996,0.033519271726614945,0.04090548279537817,0.03636967560852553,0.03308229021330738,0.039652610538656055,0.03642261280761805,0.03402709160720235,0.04074512671877358,0.03703399146843461,0.0338303375502472,0.0395760697665736,0.03689479568690091,0.034233844289160736,0.03964192654669868,0.037120919417240314,0.03556663302390975,0.04019864739965001,0.03787273214383895,0.036286863153855264,0.03964147653805666,0.03822046909454433
4filter_1,,False,False,glass_blur_5,0.06668497998983978,0.042928288488778804,0.027765647629248984,0.11196632223677769,0.053768259802650986,0.03712035945930692,0.03606288727853866,0.04037860814532549,0.03854310908715232,0.0387813389104149,0.18937716105360677,0.039997582878850774,0.025595946334799665,0.35034802468871074,0.23915300021660968,0.03133379484685818,0.038434958080696933,0.03388229883841623,0.03169330543958026,0.039161132019267235,0.03414135468748748,0.03223475066456281,0.0396706983328625,0.034768473234033245,0.031035495614052146,0.0384369865379101,0.03450933650955992,0.03148519218019017,0.0387757982573273,0.03488610333600108,0.03164742030252605,0.03824807341924171,0.035265459142537696,0.03237246350758956,0.03911706247364076,0.035763217774438284,0.03264662034371599,0.03860281650350611,0.03597057925840022,0.03334208314385244,0.03902884673603035,0.03643744084182842,0.03523800771726087,0.040206397481126824,0.037450576356401255,0.03647594057633159,0.04004769128962096,0.03804273616462731
4filter_1,,False,False,zoom_blur_1,0.09026925998104379,0.06881511351705481,0.06819362752837453,0.0761383938479729,0.1710650981060725,0.06243772732838145,0.06130120844913341,0.06598820227525058,0.06527129329562298,0.065470195178638,0.14094741041969588,0.0664970653976607,0.04293702900441462,0.38177457591647246,0.18129706304957346,0.062227143800945295,0.0753037254543542,0.06487792630453744,0.057459916943324224,0.06971574657357987,0.06279784935552664,0.06229396189364352,0.07542787053582087,0.06498045543777609,0.05904387236857019,0.07178592745835177,0.063813435030718,0.058992137184006053,0.07127568348321542,0.0638760080622624,0.056992065136650685,0.06749655490348537,0.06314364830661573,0.0605683551980713,0.07057752255150154,0.06475875398847535,0.057776759420544097,0.06671294055086044,0.06355824028983698,0.05626646097490774,0.06442314778211433,0.06297467950290783,0.05750955615857058,0.06429503526435432,0.06339665899888541,0.06095407215008047,0.06571776355553602,0.06522315265741135
4filter_1,,False,False,zoom_blur_2,0.09432597764203997,0.07180903834270028,0.070603750323149,0.09867571039660362,0.17016459130057734,0.06341701526989317,0.062451664031282,0.06777337089352066,0.06804029227688772,0.06824099904039065,0.161041839851356,0.06927290727045528,0.044103374531008856,0.41197696979596404,0.18701852804300778,0.061042667048850106,0.07396378730173396,0.06494453611833509,0.05672404535335806,0.06873136133899839,0.06321796946521709,0.06173357007094364,0.07485227902141904,0.06536752969726609,0.058536626138113,0.07127945899072863,0.06426171475653647,0.058951343777679466,0.07132538827643874,0.0645923411516524,0.05689318039522104,0.06743046845174384,0.06381783698221245,0.06109342683959728,0.0708089940546897,0.06573578623923702,0.05804300063247053,0.06706230171083222,0.0644622489334906,0.05682776707552968,0.06513153396230484,0.0639455241310032,0.05734177730309263,0.06415523024233699,0.06406003743230787,0.06172866900193931,0.06634721178179771,0.06622095805381029
4filter_1,,False,False,zoom_blur_3,0.09639029122508885,0.07537022347366891,0.07385040647665893,0.07283007600334068,0.15022140953667332,0.06386027504990345,0.06294109009103843,0.06770289287773075,0.07103056917674734,0.07133452004122255,0.20128608196710124,0.07273601552286602,0.040079083889160115,0.3622494043318948,0.19707135218228441,0.0634513930415425,0.07716590333537446,0.06730769391789258,0.05965710736918844,0.07274855381453402,0.06589870125810332,0.0649480012626934,0.07868704912237788,0.0680250247099275,0.061257477957430556,0.07491295971836887,0.06666280699411986,0.061685154616198036,0.07473114234058882,0.06703292647161337,0.05955158394689828,0.0708313117854935,0.06628990831064158,0.06382216585809304,0.07387993256114385,0.06823887942665824,0.060415254429383385,0.07005815416435279,0.06673869121558926,0.05947852115720128,0.06831539886898301,0.06640559419822399,0.05993139414746671,0.0671233826908732,0.06646648783977557,0.06453844202779199,0.06967825877889686,0.06891690080234003
4filter_1,,False,False,zoom_blur_4,0.10195188887553283,0.07810591030498289,0.07480016529003526,0.09820554871570984,0.1738674442528718,0.06626030885229463,0.0654819511015188,0.07083224180675038,0.07289614667598118,0.07322277365721794,0.23524969708805177,0.07488865712465195,0.04099908032066047,0.3106431572583189,0.14985976498050485,0.06427528121312329,0.07883992627673216,0.06934793856709283,0.061078414459722154,0.0752213048664859,0.06802095960430869,0.06609030182484725,0.08056228991137357,0.07015976283178506,0.06229721469582961,0.07664943517024397,0.06884231900879911,0.06307552871013433,0.07667549786050397,0.06944648377579932,0.06106712652356058,0.07307014563500287,0.06875845852805011,0.06518622969571526,0.0767533964096827,0.07072568719309162,0.062054812215173054,0.07211059623274776,0.06927779223986716,0.06130079271956321,0.07074512399059583,0.06912517441559961,0.06207094170332542,0.06975653546484349,0.06931347168758745,0.06681251892024873,0.07248216409039222,0.07195639378386687
4filter_1,,False,False,zoom_blur_5,0.10970425514851119,0.07956148136750156,0.07194415673735141,0.10123517823245301,0.17725441095204136,0.0689047540939159,0.06813790479755982,0.07472429098029783,0.07324085818163491,0.07358614071822275,0.1772015208901606,0.0753457759429436,0.04479183077389389,0.28774945776956495,0.16059190415574273,0.061130935057651915,0.07594457778170195,0.06888600055968826,0.05869046424089247,0.07338358363221321,0.06766060052828504,0.063966834887788,0.07901432283959808,0.07032317501392295,0.06017968130488616,0.07487302923581854,0.06882652782125141,0.06167790872323069,0.07580547597624782,0.06985703686729644,0.059927636608270336,0.07267386006572268,0.06914938946836545,0.06346546907283072,0.0762065772459323,0.07124150616337456,0.06141205021582468,0.07196495863011715,0.0700053770977978,0.06084098713722131,0.07107242341916631,0.06991622831778656,0.06274601970170343,0.07099724123855232,0.07075761327547576,0.06695098602356837,0.07304697543938751,0.07258586799481785
4filter_1,,False,False,jpeg_compression_1,0.09176883329692732,0.06738004714130327,0.063490397582432,0.06277687674481312,0.16379214191610594,0.060754243342241804,0.06053446396754154,0.0684393346589796,0.06237095448632878,0.06263430126853174,0.12916232325658422,0.06399558728279933,0.034182687756828506,0.3688763175629114,0.20763865594672098,0.04661197610537767,0.05656951060098926,0.055904295252393925,0.043626430240427845,0.05320036461134089,0.05373662817212911,0.04777515438866962,0.05831911374835523,0.05669850484669414,0.046412890372875076,0.056918228919805275,0.056188604212018274,0.0466433537582512,0.05675055534405467,0.0565634154994194,0.04567747003768909,0.054142884318483506,0.05596985067519275,0.049100766618000086,0.05821819694454622,0.05756416549539806,0.048412792524444734,0.055875327872260364,0.05737943274808742,0.04769410471083231,0.054665467156772445,0.05723757440923584,0.049928838013618415,0.05580678379167388,0.05814237218931346,0.05637488122087325,0.06133895144236222,0.061370203945404295
4filter_1,,False,False,jpeg_compression_2,0.10184224219833374,0.0778080528361124,0.0737339439695411,0.10110418080131706,0.17245656292324865,0.07061141926836575,0.0680365899702738,0.07717323556076759,0.0733179028961602,0.07355605826480198,0.15528873716739383,0.07478268903842145,0.04833848585479714,0.2270332133924347,0.1565842454905439,0.060563481704953646,0.07399414300411487,0.06836756942340474,0.05671830208920335,0.06940173782215922,0.06653695405582653,0.06230807247414751,0.07580054365939977,0.06910482203427507,0.06020653986423559,0.07400654094817224,0.0687497190019684,0.06119711753128923,0.0744853679028462,0.06938146791199544,0.05931640589300834,0.07077478289172097,0.06869363575162024,0.0638976280429764,0.07435967743780908,0.07013338413433386,0.06139138194920779,0.0712109799323961,0.06930078432420224,0.05971281376631792,0.06867596987927366,0.06912194802676166,0.06205310841095771,0.06952785689149041,0.0697163934080731,0.0673233946201087,0.07275517643526408,0.07230996473959289
4filter_1,,False,False,jpeg_compression_3,0.09160056535340086,0.06922080819387746,0.06409462190221103,0.07758123666980042,0.16747697981407675,0.06434362151642778,0.06210105255952511,0.0674526991064582,0.06456539272927608,0.06484259163855488,0.13413019041692778,0.06626737385239923,0.045625507926199224,0.3219104084708188,0.19933444664188463,0.05758303544190361,0.07022436779811356,0.0621043455318524,0.05452042183044801,0.0664617918880775,0.061762048254531285,0.058641549269038,0.06972258974428307,0.06204974200953611,0.056059643403510225,0.06795415230638922,0.06162465453010043,0.056022265577740725,0.06724283481271069,0.06161889822383259,0.05504737308405194,0.06516146070931808,0.06171824863367478,0.05810973323138263,0.06622413556824738,0.06176500685226077,0.056352354170839496,0.06462667209558788,0.061693233705471626,0.053990693285168714,0.06145178293304636,0.06123467594868823,0.057485356779368085,0.06415941604453322,0.062335769669037124,0.05818533603287847,0.06255448532563823,0.06239811784910329
4filter_1,,False,False,jpeg_compression_4,0.1001252214196841,0.08039611175509093,0.07321234515043429,0.0904510150180288,0.13701689053183116,0.06806320674546908,0.06596668904008114,0.07577833125094653,0.07559196478003354,0.07584943516642435,0.1783057218545089,0.07717050483405034,0.043313511596094006,0.23032091888539402,0.16513197490479567,0.04893496580393723,0.05985453465024917,0.06627865554388672,0.04472768067535296,0.0545979417410217,0.0639517141580626,0.04986322976931231,0.060636948014240744,0.0665007533508612,0.04945494414262174,0.060659272356686104,0.06713976778328809,0.05140371593588179,0.06277980599545174,0.06791208708955783,0.04780895321882876,0.05685136116761791,0.0668113590609596,0.05577278518289643,0.06645298957172635,0.06909193621085014,0.05136494140640252,0.05991722709714202,0.06822914573623375,0.0506319177604791,0.05825387795468101,0.06822013277520586,0.05486016569316531,0.06173060915850987,0.07003921692734082,0.06326038039311513,0.06850175259046755,0.07320854721285727
4filter_1,,False,False,jpeg_compression_5,0.09587679542728036,0.06277912891057864,0.04984820808786266,0.08606469644100348,0.16944453168943938,0.06558569189784942,0.06399556447366553,0.06962566165321969,0.05610588187982878,0.056465170864316995,0.20081683225518215,0.05830625961701138,0.03914784558086211,0.3169292034683072,0.1622095024622736,0.053620646724033695,0.06792381084740806,0.05517922699408951,0.05216856917947648,0.06622359750704135,0.05452217194355005,0.053166348494062224,0.06694075442880314,0.055181689249748964,0.05115965766029273,0.064658123168552,0.05433920258601703,0.050768925008401716,0.06359324519803498,0.054102214192338745,0.05098876496337285,0.06236737971742884,0.05429533023536959,0.05199030741585425,0.06334116710204851,0.05488478287796859,0.050966403643267856,0.060359727814708136,0.05438729101059514,0.05077485484913932,0.05932046126562195,0.054243482620886005,0.05517400818825217,0.06301139470310128,0.056432230223536335,0.05665197549523179,0.06200761953024647,0.05719746158406979
4filter_1,,False,False,speckle_noise_1,0.0670455475814052,0.05183177802798369,0.05020544855515857,0.0645119944915546,0.14057844599761768,0.049158637250086526,0.04858746174410388,0.05495720135629607,0.04952991375850593,0.049650299326898156,0.1551156240739414,0.050272950452968,0.038412650563438296,0.30661118821609984,0.20710121637751644,0.04462831220974733,0.050125867537092646,0.046092824633887246,0.04481515467550346,0.05069177901602288,0.0461287659573964,0.04376103342429951,0.04901288054323256,0.04624191133756884,0.04361109401859464,0.04878659691024093,0.04625503567208056,0.04292683792180189,0.047501225090374154,0.04599147917951562,0.04326493161936575,0.0475942794483319,0.046356920276474686,0.04304766100214292,0.047070826225536766,0.046455482135662925,0.04434639785844376,0.047934391059892285,0.04706360258124895,0.044039300675012286,0.04729677489128445,0.046907881062984956,0.044821594704675484,0.0475937490210714,0.047331069593312,0.04442851811882519,0.046420921380814474,0.04721490613242013
4filter_1,,False,False,speckle_noise_2,0.08144301639611075,0.06090275033404856,0.05608285733876702,0.06637384070545509,0.17347007856317864,0.060174678108391694,0.0586217424527899,0.06474530497447188,0.0572398140325144,0.05745692021880689,0.1400662807850571,0.05857077649782643,0.04263159285955966,0.30865452172981855,0.19987817542511163,0.0483735803040989,0.05461095194920445,0.052680795677270374,0.04806550891664094,0.05456722616713794,0.052457571410491254,0.04744710522866696,0.05327623133317905,0.05239782676630487,0.04809654774166034,0.05439278974506742,0.052722770639618104,0.048547292039599586,0.05455107163529884,0.05290640205979474,0.048490501707240306,0.05387092690335718,0.05306824689470058,0.04912717333941305,0.05452510338177269,0.05346938845355869,0.04996335326586806,0.05489759546082053,0.05382770149945527,0.04982962424848587,0.054379687457086885,0.05376936961977302,0.05042178654357099,0.054299479315359715,0.05407999447006822,0.05101761158914445,0.05375647801519609,0.05442440621136866
4filter_1,,False,False,speckle_noise_3,0.10368938478369094,0.07179791871915098,0.051526466063995684,0.09908032736801398,0.26941495990188286,0.07487762628842286,0.07100062856988305,0.08177366043380639,0.06583818335374286,0.06616304389037529,0.18539776188263424,0.06781930717430601,0.050738888962309395,0.3042773516522152,0.1854397164294613,0.06157298451683989,0.07348268953284036,0.06405941503023779,0.06356416114390662,0.07659194296945931,0.0648822815877864,0.061420461542038084,0.07331718325279724,0.06398966371449356,0.06325590372258581,0.07605956162357931,0.06507058116698342,0.06333038345155952,0.07584162588574117,0.0651547143088124,0.06248242877265859,0.07312326630489054,0.06485958779849998,0.06260192399360093,0.07306730157771865,0.06493315996741886,0.06553532592554367,0.07537087619063754,0.06642239968413026,0.06361491692192975,0.0722676323894689,0.06552446422381282,0.06629523706828655,0.07388648237986642,0.06679289521556245,0.06634837551707136,0.07148873713336328,0.0668316644549013
4filter_1,,False,False,speckle_noise_4,0.0979606357278669,0.0670594711178673,0.0408933984262248,0.10261413845066011,0.3399756700439286,0.06982304303430009,0.06682793272964314,0.07932402482216454,0.061343313710086105,0.0616541211753239,0.30965369556632605,0.06324016324407601,0.04624879075481428,0.3741034665787771,0.25052100540739297,0.05981545908501628,0.07103854880015269,0.06060820243953605,0.06223786864213094,0.07444953296714166,0.06161943063218023,0.059006315380510065,0.06992616713554783,0.060318335003184974,0.06077485754922357,0.0728200784042961,0.061314524892029106,0.059567061004593476,0.07111120951135798,0.060714051365841404,0.059607517795474727,0.06978583311524908,0.06092810236365739,0.05934454789288811,0.06926715695258552,0.060667639010032,0.06153412338206528,0.07078796651156824,0.06183854579195471,0.05927145554039029,0.06733884716839707,0.060902686932982175,0.061164286169679026,0.06812186377717998,0.0617605405749415,0.061891699629024154,0.06681109667832996,0.062127387262911
4filter_1,,False,False,speckle_noise_5,0.1250105359421804,0.0803918869080243,0.035532835360106915,0.10612639741938266,0.40501253691292977,0.08274451341047105,0.07707830164862853,0.09526911108024336,0.07201204227511619,0.0724670634901036,0.46934590515135266,0.07479092571052919,0.0510870165002384,0.29792643642448374,0.1821553812218567,0.07360693437099373,0.09107126546525597,0.07283110991702692,0.07797381523006894,0.09726791739864007,0.07474631945658965,0.07519778867102248,0.09281972815971375,0.07365706126930592,0.07597171260244447,0.09478206897050896,0.07433872941577109,0.07536400562279914,0.09346777208221085,0.07409010793566465,0.07305557956747395,0.08850234534750126,0.07331932082529476,0.07353337039523242,0.08860083449750403,0.07340339236708712,0.07658576744754662,0.09044915703998548,0.07513082687993011,0.07282880523836326,0.08503186306336556,0.07344452647494666,0.07637524485673554,0.08691404073592424,0.07527712478811682,0.07656967988783141,0.0838309661936839,0.07535685300036243
